country_code,year,age_group,sex,saf_dhs_mics
4,2010,20--39,Female,0.09625858503346209
4,2010,20--64,Female,0.13769435454480933
4,2010,40--64,Female,0.0543729632875648
4,2010,20--39,Male,0.384663961296906
4,2010,20--64,Male,0.36513254720582616
4,2010,40--64,Male,0.27044194510951447
4,2010,20--39,Both,0.24051365236503985
4,2010,20--64,Both,0.25141815717265376
4,2010,40--64,Both,0.1623922140342939
4,2015,20--39,Female,0.11446415382418249
4,2015,20--64,Female,0.09889653211803608
4,2015,40--64,Female,0.047334649289568334
4,2015,20--39,Male,0.4041769774891566
4,2015,20--64,Male,0.37313158886368675
4,2015,40--64,Male,0.29732767764706947
4,2015,20--39,Both,0.25937362201076164
4,2015,20--64,Both,0.23601956589399528
4,2015,40--64,Both,0.17231297829279998
4,2020,20--39,Female,0.25319185041756703
4,2020,20--64,Female,0.26947276604320985
4,2020,40--64,Female,0.06668406897943693
4,2020,20--39,Male,0.5547244287676565
4,2020,20--64,Male,0.5120264684054661
4,2020,40--64,Male,0.29410010041872264
4,2020,20--39,Both,0.4040166778192993
4,2020,20--64,Both,0.3907549454667706
4,2020,40--64,Both,0.18037637943605098
8,2005,20--39,Female,0.9988347653325792
8,2005,20--64,Female,0.9999670297878419
8,2005,40--64,Female,1.0036438931712899
8,2005,20--39,Male,0.9997746327096585
8,2005,20--64,Male,0.9937170746923748
8,2005,40--64,Male,0.9923120374952127
8,2005,20--39,Both,0.9993295782000796
8,2005,20--64,Both,0.9968444535472851
8,2005,40--64,Both,0.9980144500298519
8,2020,20--39,Female,0.9962863161341635
8,2020,20--64,Female,0.9990981198681149
8,2020,40--64,Female,1.0046218712260617
8,2020,20--39,Male,0.9526332148506071
8,2020,20--64,Male,0.9457732012649481
8,2020,40--64,Male,0.9425199081215185
8,2020,20--39,Both,0.9744768510782515
8,2020,20--64,Both,0.9724371574308562
8,2020,40--64,Both,0.9736114430313418
12,2010,20--39,Female,0.8266535525869703
12,2010,20--64,Female,0.7952573528072302
12,2010,40--64,Female,0.5664542379686514
12,2010,20--39,Male,0.9203169036497375
12,2010,20--64,Male,0.9092043506666061
12,2010,40--64,Male,0.798469285511781
12,2010,20--39,Both,0.8735219209831975
12,2010,20--64,Both,0.8522350406634901
12,2010,40--64,Both,0.6824634104686969
12,2020,20--39,Female,0.8856740331476549
12,2020,20--64,Female,0.8506360035169069
12,2020,40--64,Female,0.6971239134293118
12,2020,20--39,Male,0.930760593328705
12,2020,20--64,Male,0.9230347112799951
12,2020,40--64,Male,0.8653414958266255
12,2020,20--39,Both,0.9082470454120046
12,2020,20--64,Both,0.8868388896181223
12,2020,40--64,Both,0.7812440553528814
24,2005,20--39,Female,0.4534304249504991
24,2005,20--64,Female,0.440593492149114
24,2005,40--64,Female,0.3982271118884339
24,2005,20--39,Male,0.7968916369896407
24,2005,20--64,Male,0.7932244732646663
24,2005,40--64,Male,0.8187886515378378
24,2005,20--39,Both,0.6252317927649341
24,2005,20--64,Both,0.6169168521477717
24,2005,40--64,Both,0.608488584790081
24,2010,20--39,Female,0.45087525349851554
24,2010,20--64,Female,0.4403876838895611
24,2010,40--64,Female,0.38271472517073085
24,2010,20--39,Male,0.7974305048491961
24,2010,20--64,Male,0.7872720207678789
24,2010,40--64,Male,0.7833634279620931
24,2010,20--39,Both,0.6242241141161319
24,2010,20--64,Both,0.6138376111088999
24,2010,40--64,Both,0.5830208118430209
24,2015,20--39,Female,0.43119368052874857
24,2015,20--64,Female,0.4052080633343979
24,2015,40--64,Female,0.30119296717229965
24,2015,20--39,Male,0.7199614901752641
24,2015,20--64,Male,0.7210488382531911
24,2015,40--64,Male,0.7271039305515737
24,2015,20--39,Both,0.5756383153780551
24,2015,20--64,Both,0.5631355258901025
24,2015,40--64,Both,0.5141252865382719
50,2005,20--39,Female,0.49937036109855865
50,2005,20--64,Female,0.44649975938048714
50,2005,40--64,Female,0.27519681555213305
50,2005,20--39,Male,0.525528835675898
50,2005,20--64,Male,0.5037093315111489
50,2005,40--64,Male,0.4788018735296257
50,2005,20--39,Both,0.5124664901178118
50,2005,20--64,Both,0.4751067676464848
50,2005,40--64,Both,0.3769929240453133
50,2010,20--39,Female,0.5970729870833332
50,2010,20--64,Female,0.5525164160393498
50,2010,40--64,Female,0.29591840782623735
50,2010,20--39,Male,0.5202294555941637
50,2010,20--64,Male,0.48521401230985256
50,2010,40--64,Male,0.4446816326095022
50,2010,20--39,Both,0.5586526745445755
50,2010,20--64,Both,0.5188653172301704
50,2010,40--64,Both,0.37029869191823944
50,2015,20--39,Female,0.5946849516594983
50,2015,20--64,Female,0.5210552475974182
50,2015,40--64,Female,0.2944300930643768
50,2015,20--39,Male,0.6419034201793147
50,2015,20--64,Male,0.5712163210467411
50,2015,40--64,Male,0.43604412152705146
50,2015,20--39,Both,0.6183170871278312
50,2015,20--64,Both,0.5461380593969213
50,2015,40--64,Both,0.3652362942738231
50,2020,20--39,Female,0.7067323363814928
50,2020,20--64,Female,0.6489794144551275
50,2020,40--64,Female,0.36375349284917524
50,2020,20--39,Male,0.726670097632948
50,2020,20--64,Male,0.6777423363634736
50,2020,40--64,Male,0.48061351724648993
50,2020,20--39,Both,0.7167221615182479
50,2020,20--64,Both,0.6633630628807551
50,2020,40--64,Both,0.42218711674797704
52,2010,20--39,Female,1.0125869618369032
52,2010,20--64,Female,1.0105390488407542
52,2010,40--64,Female,1.0094775169771593
64,2010,20--39,Female,0.32944104886021347
64,2010,20--64,Female,0.334371586606088
64,2010,40--64,Female,0.08693517995014355
64,2010,20--39,Male,0.5307198580166438
64,2010,20--64,Male,0.5301806825434977
64,2010,40--64,Male,0.37786456407215957
64,2010,20--39,Both,0.4301234987014281
64,2010,20--64,Both,0.43228073051829413
64,2010,40--64,Both,0.23237983824050903
68,2010,20--39,Female,0.927073190966991
68,2010,20--64,Female,0.8912674391305214
68,2010,40--64,Female,0.7875762555034811
68,2010,20--39,Male,0.9913244924907025
68,2010,20--64,Male,0.9673743254975649
68,2010,40--64,Male,0.9483156627000701
68,2010,20--39,Both,0.959232920682332
68,2010,20--64,Both,0.9293245880448341
68,2010,40--64,Both,0.8679611110106542
70,2005,20--39,Female,0.998940936527587
70,2005,20--64,Female,0.9940166806444002
70,2005,40--64,Female,0.9816974337553456
70,2005,20--39,Male,1.0079613210848533
70,2005,20--64,Male,1.0136335412435444
70,2005,40--64,Male,1.017087688952451
70,2005,20--39,Both,1.0034774114317309
70,2005,20--64,Both,1.0038279930200213
70,2005,40--64,Both,0.9994245555869252
70,2010,20--39,Female,1.0000773542690842
70,2010,20--64,Female,0.9974188458501403
70,2010,40--64,Female,0.9939029422871378
70,2010,20--39,Male,1.0092163948053805
70,2010,20--64,Male,1.0100538997001516
70,2010,40--64,Male,1.0133195611753312
70,2010,20--39,Both,1.0046732058534102
70,2010,20--64,Both,1.0037391296133624
70,2010,40--64,Both,1.0036449479123073
84,2005,20--39,Female,0.8644144705392719
84,2005,20--64,Female,0.8731899667626323
84,2005,40--64,Female,0.8274242526488583
84,2005,20--39,Male,0.8685372166089963
84,2005,20--64,Male,0.855093068330219
84,2005,40--64,Male,0.8049774805207746
84,2005,20--39,Both,0.8664979482885179
84,2005,20--64,Both,0.8641433721640742
84,2005,40--64,Both,0.816231986539285
84,2010,20--39,Female,0.8488410219077137
84,2010,20--64,Female,0.8471038946476221
84,2010,40--64,Female,0.7559547653982284
84,2010,20--39,Male,0.852125654571174
84,2010,20--64,Male,0.8297235648973013
84,2010,40--64,Male,0.7392270222994808
84,2010,20--39,Both,0.8505049122942449
84,2010,20--64,Both,0.8384155323564201
84,2010,40--64,Both,0.7476190254333411
84,2015,20--39,Female,0.8992178929348525
84,2015,20--64,Female,0.8864999853584422
84,2015,40--64,Female,0.7925684824683478
84,2015,20--39,Male,0.8730173162180056
84,2015,20--64,Male,0.8740744447322533
84,2015,40--64,Male,0.805727405977969
84,2015,20--39,Both,0.8861353137247934
84,2015,20--64,Both,0.8802892119187931
84,2015,40--64,Both,0.7991749992781324
104,2015,20--39,Female,0.8033399806239899
104,2015,20--64,Female,0.7790101551699389
104,2015,40--64,Female,0.726053919487665
104,2015,20--39,Male,0.8252042441931184
104,2015,20--64,Male,0.8206042895142952
104,2015,40--64,Male,0.8133246063554708
104,2015,20--39,Both,0.8142957814573111
104,2015,20--64,Both,0.799809983570985
104,2015,40--64,Both,0.7697080710749747
108,2005,20--39,Female,0.4814525042623889
108,2005,20--64,Female,0.45756219449739843
108,2005,40--64,Female,0.2526867238453614
108,2005,20--39,Male,0.6672063450000668
108,2005,20--64,Male,0.6492963837206879
108,2005,40--64,Male,0.5129466711153357
108,2005,20--39,Both,0.5743735400580068
108,2005,20--64,Both,0.5534341175372597
108,2005,40--64,Both,0.38280497731931007
108,2010,20--39,Female,0.5657866974933956
108,2010,20--64,Female,0.5159536372594149
108,2010,40--64,Female,0.33038215248939057
108,2010,20--39,Male,0.7411593450213348
108,2010,20--64,Male,0.6880745430667636
108,2010,40--64,Male,0.5947605365970072
108,2010,20--39,Both,0.6535174238813813
108,2010,20--64,Both,0.6020186898927857
108,2010,40--64,Both,0.46256205184853316
108,2015,20--39,Female,0.617274768983594
108,2015,20--64,Female,0.5783003451834697
108,2015,40--64,Female,0.43090465194321825
108,2015,20--39,Male,0.7104163414394039
108,2015,20--64,Male,0.6612526598039304
108,2015,40--64,Male,0.5644677799167788
108,2015,20--39,Both,0.663876976527371
108,2015,20--64,Both,0.619779550379943
108,2015,40--64,Both,0.4976908813216586
112,2005,20--39,Female,1.0137687355040705
112,2005,20--64,Female,1.013081730588
112,2005,40--64,Female,1.0166924032337803
112,2005,20--39,Male,1.0137469631460905
112,2005,20--64,Male,1.0129464985931753
112,2005,40--64,Male,1.0028753884210124
112,2005,20--39,Both,1.013782931338733
112,2005,20--64,Both,1.0130166661587956
112,2005,40--64,Both,1.0098210406211259
112,2010,20--39,Female,1.0143999498293697
112,2010,20--64,Female,1.0137061429158867
112,2010,40--64,Female,1.01669240323377
112,2010,20--39,Male,1.0137469631460905
112,2010,20--64,Male,1.013473917303994
112,2010,40--64,Male,1.0027570198921854
112,2010,20--39,Both,1.0140984446950099
112,2010,20--64,Both,1.0135925813933961
112,2010,40--64,Both,1.0097618657617902
112,2020,20--39,Female,1.0136942700329397
112,2020,20--64,Female,1.0133054295258606
112,2020,40--64,Female,1.016692403233768
112,2020,20--39,Male,1.0137469631460905
112,2020,20--64,Male,1.0136335412435444
112,2020,40--64,Male,1.017087688952451
112,2020,20--39,Both,1.0137457096696716
112,2020,20--64,Both,1.0134720463974733
112,2020,40--64,Both,1.0169260616351372
116,2005,20--39,Female,0.5551887837619154
116,2005,20--64,Female,0.5070086002771877
116,2005,40--64,Female,0.3908111722412985
116,2005,20--39,Male,0.6960701246556996
116,2005,20--64,Male,0.659639270867766
116,2005,40--64,Male,0.6103817104896212
116,2005,20--39,Both,0.6256676152553117
116,2005,20--64,Both,0.5833281391947303
116,2005,40--64,Both,0.5005928514383856
116,2010,20--39,Female,0.5435603131428967
116,2010,20--64,Female,0.48888143691324254
116,2010,40--64,Female,0.3573865285222898
116,2010,20--39,Male,0.6298126542583276
116,2010,20--64,Male,0.6091054594816352
116,2010,40--64,Male,0.5557759901063598
116,2010,20--39,Both,0.586714886645565
116,2010,20--64,Both,0.5489969850028161
116,2010,40--64,Both,0.4565781672749026
116,2015,20--39,Female,0.5663176405141407
116,2015,20--64,Female,0.5210005114984841
116,2015,40--64,Female,0.3996379939276042
116,2015,20--39,Male,0.6350496149955417
116,2015,20--64,Male,0.6205984251254705
116,2015,40--64,Male,0.5844001823604295
116,2015,20--39,Both,0.6007095565423746
116,2015,20--64,Both,0.5708026907693962
116,2015,40--64,Both,0.4920185769031167
116,2020,20--39,Female,0.3413109288989861
116,2020,20--64,Female,0.4855840916534117
116,2020,40--64,Female,0.16678500845851327
116,2020,20--39,Male,0.39333532762752754
116,2020,20--64,Male,0.5712293343029534
116,2020,40--64,Male,0.2971696385453973
116,2020,20--39,Both,0.36734059285600706
116,2020,20--64,Both,0.5284095787236064
116,2020,40--64,Both,0.23197287705084607
120,2005,20--39,Female,0.5949031612042989
120,2005,20--64,Female,0.6000496820133372
120,2005,40--64,Female,0.4673256772366164
120,2005,20--39,Male,0.7588195857314691
120,2005,20--64,Male,0.7555828417851305
120,2005,40--64,Male,0.6669300702014866
120,2005,20--39,Both,0.6769045105574045
120,2005,20--64,Both,0.6778207557246181
120,2005,40--64,Both,0.5671285830516802
120,2010,20--39,Female,0.5959459370771583
120,2010,20--64,Female,0.5730397410364291
120,2010,40--64,Female,0.44302465770160526
120,2010,20--39,Male,0.7648858109255845
120,2010,20--64,Male,0.7385600775004244
120,2010,40--64,Male,0.6676550262173031
120,2010,20--39,Both,0.6804599077477501
120,2010,20--64,Both,0.6558045264139991
120,2010,40--64,Both,0.5553377012341326
120,2015,20--39,Female,0.5888347422150226
120,2015,20--64,Female,0.6140500355892635
120,2015,40--64,Female,0.5574877112212304
120,2015,20--39,Male,0.7946800560174395
120,2015,20--64,Male,0.7768579710599826
120,2015,40--64,Male,0.7048105716844172
120,2015,20--39,Both,0.6918076547352592
120,2015,20--64,Both,0.6954586718778264
120,2015,40--64,Both,0.6311572015693919
120,2020,20--39,Female,0.6054924539807193
120,2020,20--64,Female,0.5677829968072576
120,2020,40--64,Female,0.46715997497897954
120,2020,20--39,Male,0.7372683846204026
120,2020,20--64,Male,0.7033637528824965
120,2020,40--64,Male,0.6391729553321337
120,2020,20--39,Both,0.6714182466230155
120,2020,20--64,Both,0.6355774049067221
120,2020,40--64,Both,0.5531693609148244
140,2005,20--39,Female,0.25043998109932825
140,2005,20--64,Female,0.23760454812108545
140,2005,40--64,Female,0.1779986581764801
140,2005,20--39,Male,0.6403852959699549
140,2005,20--64,Male,0.615459094224582
140,2005,40--64,Male,0.5951115602468517
140,2005,20--39,Both,0.44548643568887486
140,2005,20--64,Both,0.42653966228434836
140,2005,40--64,Both,0.3865282780773877
140,2010,20--39,Female,0.2584679379607861
140,2010,20--64,Female,0.2573939981161185
140,2010,40--64,Female,0.2114532913915187
140,2010,20--39,Male,0.49157754901039413
140,2010,20--64,Male,0.5179137485209772
140,2010,40--64,Male,0.5476886149592406
140,2010,20--39,Both,0.37506955062579816
140,2010,20--64,Both,0.3876595154506479
140,2010,40--64,Both,0.379551734383139
140,2020,20--39,Female,0.2500096521762754
140,2020,20--64,Female,0.25246893167347384
140,2020,40--64,Female,0.18629156685522485
140,2020,20--39,Male,0.49814945834762725
140,2020,20--64,Male,0.4810080129450529
140,2020,40--64,Male,0.48063986913707224
140,2020,20--39,Both,0.3741287587002612
140,2020,20--64,Both,0.36674348907376625
140,2020,40--64,Both,0.33344893526463915
148,2010,20--39,Female,0.12232244267717701
148,2010,20--64,Female,0.14354991506565742
148,2010,40--64,Female,0.07267756774532039
148,2010,20--39,Male,0.44355316674152745
148,2010,20--64,Male,0.42708147145119646
148,2010,40--64,Male,0.3482655990405886
148,2010,20--39,Both,0.2829965193860525
148,2010,20--64,Both,0.28532148942008295
148,2010,40--64,Both,0.21045226307859288
148,2015,20--39,Female,0.146450520801911
148,2015,20--64,Female,0.12934776349667199
148,2015,40--64,Female,0.05206767488777502
148,2015,20--39,Male,0.4547446494246787
148,2015,20--64,Male,0.39131527229963775
148,2015,40--64,Male,0.2654787729995233
148,2015,20--39,Both,0.3006546541836382
148,2015,20--64,Both,0.2603368649509631
148,2015,40--64,Both,0.15875811322977892
148,2020,20--39,Female,0.16238154693578644
148,2020,20--64,Female,0.17082787201925623
148,2020,40--64,Female,0.0512863408698505
148,2020,20--39,Male,0.44372948347343033
148,2020,20--64,Male,0.3906221152337186
148,2020,40--64,Male,0.2525701743133043
148,2020,20--39,Both,0.30310830716137077
148,2020,20--64,Both,0.2807296369532278
148,2020,40--64,Both,0.15191408275863388
174,2010,20--39,Female,0.5109478440057112
174,2010,20--64,Female,0.47200629283355006
174,2010,40--64,Female,0.2937051060325299
174,2010,20--39,Male,0.6123327137221728
174,2010,20--64,Male,0.5824516805614905
174,2010,40--64,Male,0.47442483728093215
174,2010,20--39,Both,0.5616704981500968
174,2010,20--64,Both,0.5272322935375395
174,2010,40--64,Both,0.3840610257499542
174,2020,20--39,Female,0.6950285801968461
174,2020,20--64,Female,0.6815693301021664
174,2020,40--64,Female,0.37313592455233924
174,2020,20--39,Male,0.7558954984297259
174,2020,20--64,Male,0.7360037073007469
174,2020,40--64,Male,0.5150632977695531
174,2020,20--39,Both,0.7254897895957291
174,2020,20--64,Both,0.708789280364346
174,2020,40--64,Both,0.4441015637665499
178,2005,20--39,Female,0.7074717843354312
178,2005,20--64,Female,0.6925735662722163
178,2005,40--64,Female,0.6169352420667055
178,2005,20--39,Male,0.84658246110359
178,2005,20--64,Male,0.854472445976211
178,2005,40--64,Male,0.8647810117140433
178,2005,20--39,Both,0.7770687450628434
178,2005,20--64,Both,0.7735278552260496
178,2005,40--64,Both,0.7408603075839371
178,2010,20--39,Female,0.7524898354117222
178,2010,20--64,Female,0.7469701999544722
178,2010,40--64,Female,0.7124945332679796
178,2010,20--39,Male,0.8582723248011288
178,2010,20--64,Male,0.8719433376058352
178,2010,40--64,Male,0.8949812976694521
178,2010,20--39,Both,0.805418038729324
178,2010,20--64,Both,0.8094610472963227
178,2010,40--64,Both,0.8037486773895063
178,2015,20--39,Female,0.7902250513949352
178,2015,20--64,Female,0.8038606466514774
178,2015,40--64,Female,0.7831665018617024
178,2015,20--39,Male,0.8737327349292981
178,2015,20--64,Male,0.8842462726108662
178,2015,40--64,Male,0.8978236515268764
178,2015,20--39,Both,0.8320129240383096
178,2015,20--64,Both,0.8440570270013605
178,2015,40--64,Both,0.8405137337639309
180,2005,20--39,Female,0.5112463213848305
180,2005,20--64,Female,0.4805936367770231
180,2005,40--64,Female,0.36571937334849086
180,2005,20--39,Male,0.7925048257512659
180,2005,20--64,Male,0.7814106808077976
180,2005,40--64,Male,0.7592277565632415
180,2005,20--39,Both,0.6519369827076748
180,2005,20--64,Both,0.6310091360001114
180,2005,40--64,Both,0.5624552650010648
180,2010,20--39,Female,0.48242295705271343
180,2010,20--64,Female,0.4777436481011953
180,2010,40--64,Female,0.3759213631788061
180,2010,20--39,Male,0.6725682642482068
180,2010,20--64,Male,0.6907071445371005
180,2010,40--64,Male,0.6853954770129748
180,2010,20--39,Both,0.577540511385403
180,2010,20--64,Both,0.5842306825153717
180,2010,40--64,Both,0.5306471588757373
180,2015,20--39,Female,0.5514248560688884
180,2015,20--64,Female,0.547842418837646
180,2015,40--64,Female,0.4672973239024225
180,2015,20--39,Male,0.8255114423683777
180,2015,20--64,Male,0.8184959269577117
180,2015,40--64,Male,0.8073747889069817
180,2015,20--39,Both,0.6885293092725551
180,2015,20--64,Both,0.6831757415286474
180,2015,40--64,Both,0.6373256033120391
188,2010,20--39,Female,0.9804811843073106
188,2010,20--64,Female,0.9792765175802451
188,2010,40--64,Female,0.963490230214203
188,2010,20--39,Male,0.9697266776302498
188,2010,20--64,Male,0.9510163771466488
188,2010,40--64,Male,0.9291338932782882
188,2010,20--39,Both,0.9751263286779064
188,2010,20--64,Both,0.9651483746526556
188,2010,40--64,Both,0.9463489522217681
188,2020,20--39,Female,0.9951508759357238
188,2020,20--64,Female,0.9893369844459268
188,2020,40--64,Female,0.9685350073868145
188,2020,20--39,Male,0.9850697049331659
188,2020,20--64,Male,0.9604654603131991
188,2020,40--64,Male,0.9315369000175249
188,2020,20--39,Both,0.9901331678741373
188,2020,20--64,Both,0.9749031633150524
188,2020,40--64,Both,0.9500732329452192
192,2020,20--39,Female,1.0107224400461357
192,2020,20--64,Female,1.008774611950405
192,2020,40--64,Female,1.0095236349764722
192,2020,20--39,Male,0.9991818722756373
192,2020,20--64,Male,0.999096193577158
192,2020,40--64,Male,1.0009409963671783
192,2020,20--39,Both,1.0049751659226023
192,2020,20--64,Both,1.0039377605655424
192,2020,40--64,Both,1.0052687903937425
204,2005,20--39,Female,0.18372897920735648
204,2005,20--64,Female,0.17707356417647477
204,2005,40--64,Female,0.12507353173441257
204,2005,20--39,Male,0.4277094098076561
204,2005,20--64,Male,0.3914444658489318
204,2005,40--64,Male,0.3100672341186803
204,2005,20--39,Both,0.3057660367657818
204,2005,20--64,Both,0.2842635701406393
204,2005,40--64,Both,0.21756011857489302
204,2010,20--39,Female,0.22662360233861678
204,2010,20--64,Female,0.21647574370980888
204,2010,40--64,Female,0.17474357045034727
204,2010,20--39,Male,0.49026075576138023
204,2010,20--64,Male,0.4303981509022041
204,2010,40--64,Male,0.3366199662194867
204,2010,20--39,Both,0.35849349038208805
204,2010,20--64,Both,0.32344159317790605
204,2010,40--64,Both,0.2556751018477149
204,2015,20--39,Female,0.24588123538579967
204,2015,20--64,Female,0.2546177642779797
204,2015,40--64,Female,0.14015790623985755
204,2015,20--39,Male,0.40950854059313346
204,2015,20--64,Male,0.4256889759391563
204,2015,40--64,Male,0.3040036427798348
204,2015,20--39,Both,0.32772933838260915
204,2015,20--64,Both,0.34015729084508467
204,2015,40--64,Both,0.222072725307992
204,2020,20--39,Female,0.33056650184638636
204,2020,20--64,Female,0.3295478895624858
204,2020,40--64,Female,0.11072813682455766
204,2020,20--39,Male,0.5641154410711456
204,2020,20--64,Male,0.5266187038032738
204,2020,40--64,Male,0.30687093765048257
204,2020,20--39,Both,0.4473896388445693
204,2020,20--64,Both,0.42808790464743146
204,2020,40--64,Both,0.20878787840608773
214,2005,20--39,Female,0.8903773506279696
214,2005,20--64,Female,0.8666851627791893
214,2005,40--64,Female,0.7935158934794362
214,2005,20--39,Male,0.8231612591067398
214,2005,20--64,Male,0.7841675921455523
214,2005,40--64,Male,0.7070998491287115
214,2005,20--39,Both,0.8567796849032143
214,2005,20--64,Both,0.8254269809752716
214,2005,40--64,Both,0.7503428717723158
214,2015,20--39,Female,0.9129536002581142
214,2015,20--64,Female,0.8930382948230134
214,2015,40--64,Female,0.811708152627248
214,2015,20--39,Male,0.8563548568741789
214,2015,20--64,Male,0.8215329104380349
214,2015,40--64,Male,0.7552815845482983
214,2015,20--39,Both,0.884667007851447
214,2015,20--64,Both,0.8572864836470829
214,2015,40--64,Both,0.7835281312226873
214,2020,20--39,Female,0.9295802171124362
214,2020,20--64,Female,0.9196104584172865
214,2020,40--64,Female,0.859745440699558
214,2020,20--39,Male,0.8873792065617606
214,2020,20--64,Male,0.8564501125571574
214,2020,40--64,Male,0.7938159702986036
214,2020,20--39,Both,0.9084953985062475
214,2020,20--64,Both,0.8880313934403422
214,2020,40--64,Both,0.8268164263637843
222,2015,20--39,Female,0.923277986189253
222,2015,20--64,Female,0.907069755401651
222,2015,40--64,Female,0.8009576513184192
222,2015,20--39,Male,0.9212414237888057
222,2015,20--64,Male,0.9122966334255155
222,2015,40--64,Male,0.8303478984320962
222,2015,20--39,Both,0.9222821985226533
222,2015,20--64,Both,0.9096855814783849
222,2015,40--64,Both,0.8156788376941305
231,2005,20--39,Female,0.16429986167933636
231,2005,20--64,Female,0.16733159310498827
231,2005,40--64,Female,0.053291737238014905
231,2005,20--39,Male,0.4480649966810659
231,2005,20--64,Male,0.42381326739065267
231,2005,40--64,Male,0.2915100465568207
231,2005,20--39,Both,0.3062356876456199
231,2005,20--64,Both,0.29557776792158297
231,2005,40--64,Both,0.17238385350253177
231,2010,20--39,Female,0.24535719478699283
231,2010,20--64,Female,0.21410868878637127
231,2010,40--64,Female,0.08966411598669112
231,2010,20--39,Male,0.4983257023400827
231,2010,20--64,Male,0.45834594658168515
231,2010,40--64,Male,0.36338102746311474
231,2010,20--39,Both,0.3718913739686634
231,2010,20--64,Both,0.33623253861123076
231,2010,40--64,Both,0.22650400234220983
231,2015,20--39,Female,0.25019841437691304
231,2015,20--64,Female,0.22545697719431
231,2015,40--64,Female,0.12095801690827104
231,2015,20--39,Male,0.5256535483681651
231,2015,20--64,Male,0.4791961283307304
231,2015,40--64,Male,0.3796401977210152
231,2015,20--39,Both,0.38797992480237276
231,2015,20--64,Both,0.35233198441678354
231,2015,40--64,Both,0.25028284205958296
231,2020,20--39,Female,0.3133093767618335
231,2020,20--64,Female,0.28241976294234294
231,2020,40--64,Female,0.14804428546155285
231,2020,20--39,Male,0.4806554989492532
231,2020,20--64,Male,0.4574475669317011
231,2020,40--64,Male,0.3951089714619589
231,2020,20--39,Both,0.3970192014487226
231,2020,20--64,Both,0.3699377316005231
231,2020,40--64,Both,0.27156224663253586
242,2020,20--39,Female,0.9786673827437696
242,2020,20--64,Female,0.9691449818828056
242,2020,40--64,Female,0.9308934233669153
242,2020,20--39,Male,0.9585894691135219
242,2020,20--64,Male,0.945785883456804
242,2020,40--64,Male,0.8931056847012194
242,2020,20--39,Both,0.9686491624713428
242,2020,20--64,Both,0.9574674283503701
242,2020,40--64,Both,0.912035561431185
262,2005,20--39,Female,0.33086686031765883
262,2005,20--64,Female,0.34054975711026564
262,2005,40--64,Female,0.13755744178212423
266,2010,20--39,Female,0.8527771891645
266,2010,20--64,Female,0.8462632569650255
266,2010,40--64,Female,0.7882081140389151
266,2010,20--39,Male,0.8697451304182874
266,2010,20--64,Male,0.8625869187981263
266,2010,40--64,Male,0.8369120940602918
266,2010,20--39,Both,0.8612852033529619
266,2010,20--64,Both,0.8544275343264505
266,2010,40--64,Both,0.8125841802413106
266,2020,20--39,Female,0.8563511916777842
266,2020,20--64,Female,0.8212564200693108
266,2020,40--64,Female,0.7459879960831646
266,2020,20--39,Male,0.8473653905957901
266,2020,20--64,Male,0.8428220076245171
266,2020,40--64,Male,0.838025413604592
266,2020,20--39,Both,0.8518779238579811
266,2020,20--64,Both,0.8320416977133266
266,2020,40--64,Both,0.7920258410172709
268,2005,20--39,Female,1.0069229118737444
268,2005,20--64,Female,1.006236807797161
268,2005,40--64,Female,1.0095809804856992
268,2005,20--39,Male,1.0124904289942476
268,2005,20--64,Male,1.00097922786434
268,2005,40--64,Male,0.9895830972589673
268,2005,20--39,Both,1.0097325519931946
268,2005,20--64,Both,1.0036104539653035
268,2005,40--64,Both,0.9996194226364367
268,2020,20--39,Female,1.0098391607168524
268,2020,20--64,Female,1.0098053457265679
268,2020,40--64,Female,1.0131691147760147
268,2020,20--39,Male,1.0094440767937582
268,2020,20--64,Male,1.0104034843146996
268,2020,40--64,Male,1.014475698311519
268,2020,20--39,Both,1.0096665388149078
268,2020,20--64,Both,1.0101069723844798
268,2020,40--64,Both,1.0138582247591592
270,2005,20--39,Female,0.24782289471638413
270,2005,20--64,Female,0.28747661908769906
270,2005,40--64,Female,0.09371234130604149
270,2005,20--39,Male,0.481044118533309
270,2005,20--64,Male,0.48351314394530504
270,2005,40--64,Male,0.28725375513591717
270,2005,20--39,Both,0.36448006970153746
270,2005,20--64,Both,0.3854993635883765
270,2005,40--64,Both,0.19047099278814703
270,2010,20--39,Female,0.30803962172800814
270,2010,20--64,Female,0.3452853045119574
270,2010,40--64,Female,0.10549419826353236
270,2010,20--39,Male,0.5188469396236688
270,2010,20--64,Male,0.5323993607379249
270,2010,40--64,Male,0.31340022382296934
270,2010,20--39,Both,0.4134874481985454
270,2010,20--64,Both,0.43884678943226507
270,2010,40--64,Both,0.2094344319838239
270,2020,20--39,Female,0.4779623655033266
270,2020,20--64,Female,0.48795421706672526
270,2020,40--64,Female,0.2323394679393165
270,2020,20--39,Male,0.6635290909145749
270,2020,20--64,Male,0.6427149996894022
270,2020,40--64,Male,0.5285219605373096
270,2020,20--39,Both,0.5707897248340981
270,2020,20--64,Both,0.5653388047871462
270,2020,40--64,Both,0.38041541840328574
275,2015,20--39,Female,0.9569597242304274
275,2015,20--64,Female,0.9328660536656134
275,2015,40--64,Female,0.8335895710121491
275,2015,20--39,Male,0.966363224584176
275,2015,20--64,Male,0.9457820984402556
275,2015,40--64,Male,0.8672196025352602
275,2015,20--39,Both,0.9616867846204202
275,2015,20--64,Both,0.9393266755275773
275,2015,40--64,Both,0.8504314696851063
275,2020,20--39,Female,1.0048938232964826
275,2020,20--64,Female,0.9998264636674609
275,2020,40--64,Female,0.9638771124198311
275,2020,20--39,Male,1.0101814522453092
275,2020,20--64,Male,1.0024170946536721
275,2020,40--64,Male,0.9698249530518108
275,2020,20--39,Both,1.0075634205993849
275,2020,20--64,Both,1.0011243495545448
275,2020,40--64,Both,0.9668847345219725
296,2020,20--39,Female,0.9912478741698483
296,2020,20--64,Female,0.9845071832661503
296,2020,40--64,Female,0.9660643957761481
296,2020,20--39,Male,0.9346521785839685
296,2020,20--64,Male,0.935539286717385
296,2020,40--64,Male,0.9769798168331675
296,2020,20--39,Both,0.9629647435886081
296,2020,20--64,Both,0.9600247785776604
296,2020,40--64,Both,0.9715554909374272
320,2015,20--39,Female,0.7495411089154956
320,2015,20--64,Female,0.7077131593235387
320,2015,40--64,Female,0.5651502114484258
320,2015,20--39,Male,0.8493945962840008
320,2015,20--64,Male,0.7947367446328393
320,2015,40--64,Male,0.6949293767271129
320,2015,20--39,Both,0.7995037104184157
320,2015,20--64,Both,0.7512284041684004
320,2015,40--64,Both,0.630049519829989
324,2005,20--39,Female,0.0928722003184159
324,2005,20--64,Female,0.08774539827652575
324,2005,40--64,Female,0.07205451967796257
324,2005,20--39,Male,0.3763462288030315
324,2005,20--64,Male,0.329456200463202
324,2005,40--64,Male,0.21822861849253677
324,2005,20--39,Both,0.2346606550774395
324,2005,20--64,Both,0.20860565328985853
324,2005,40--64,Both,0.14513250938633335
324,2010,20--39,Female,0.18820614602631497
324,2010,20--64,Female,0.1640760512420682
324,2010,40--64,Female,0.0798314362810506
324,2010,20--39,Male,0.4801724755763228
324,2010,20--64,Male,0.40580320143143417
324,2010,40--64,Male,0.23651748401001185
324,2010,20--39,Both,0.33424458256932527
324,2010,20--64,Both,0.2849446730132944
324,2010,40--64,Both,0.1581648409413311
324,2015,20--39,Female,0.15094604106329687
324,2015,20--64,Female,0.1259550647041513
324,2015,40--64,Female,0.03961688023420274
324,2015,20--39,Male,0.42128223887057625
324,2015,20--64,Male,0.33672336645334816
324,2015,40--64,Male,0.17899860737011625
324,2015,20--39,Both,0.28616473998222924
324,2015,20--64,Both,0.23134357277935505
324,2015,40--64,Both,0.10929807371716507
324,2020,20--39,Female,0.17078038583067234
324,2020,20--64,Female,0.14595868492255296
324,2020,40--64,Female,0.03684899597976665
324,2020,20--39,Male,0.4131297362902508
324,2020,20--64,Male,0.36527460231319975
324,2020,40--64,Male,0.24535833750054326
324,2020,20--39,Both,0.2920013001445701
324,2020,20--64,Both,0.25562121507722224
324,2020,40--64,Both,0.14108840591989666
328,2010,20--39,Female,0.9102214329393605
328,2010,20--64,Female,0.9052665001235634
328,2010,40--64,Female,0.8927016012342363
328,2010,20--39,Male,0.8764131606268292
328,2010,20--64,Male,0.8675249864329203
328,2010,40--64,Male,0.8393649523049911
328,2010,20--39,Both,0.8933339593628279
328,2010,20--64,Both,0.8863973022522657
328,2010,40--64,Both,0.8660691655244298
328,2015,20--39,Female,0.9405910123774656
328,2015,20--64,Female,0.9416722121794203
328,2015,40--64,Female,0.8969044350897062
328,2015,20--39,Male,0.9392244306687633
328,2015,20--64,Male,0.9396661500122224
328,2015,40--64,Male,0.8845380023301106
328,2015,20--39,Both,0.9399307596152169
328,2015,20--64,Both,0.9406715167710064
328,2015,40--64,Both,0.8907540011496491
328,2020,20--39,Female,0.9585232052815551
328,2020,20--64,Female,0.9385476655685022
328,2020,40--64,Female,0.8506092388743957
328,2020,20--39,Male,0.9438770023842142
328,2020,20--64,Male,0.9213486847199539
328,2020,40--64,Male,0.8105297634617309
328,2020,20--39,Both,0.951221283534825
328,2020,20--64,Both,0.9299502117500605
328,2020,40--64,Both,0.8306028441719892
332,2005,20--39,Female,0.5918258945253919
332,2005,20--64,Female,0.5158597497625259
332,2005,40--64,Female,0.2657538909986783
332,2005,20--39,Male,0.712310410390618
332,2005,20--64,Male,0.580063124884292
332,2005,40--64,Male,0.3264546619662944
332,2005,20--39,Both,0.6521036841474143
332,2005,20--64,Both,0.5479639684382303
332,2005,40--64,Both,0.2961088757814016
332,2010,20--39,Female,0.6831289769176404
332,2010,20--64,Female,0.6154212250807055
332,2010,40--64,Female,0.36384725828247755
332,2010,20--39,Male,0.7576128837881853
332,2010,20--64,Male,0.6497243745463123
332,2010,40--64,Male,0.42662905941194074
332,2010,20--39,Both,0.7204007467876504
332,2010,20--64,Both,0.6325750088643517
332,2010,40--64,Both,0.39524607070789575
332,2015,20--39,Female,0.6994181738527971
332,2015,20--64,Female,0.6006120496152835
332,2015,40--64,Female,0.41751003394025266
332,2015,20--39,Male,0.7471077465911858
332,2015,20--64,Male,0.6289925071936842
332,2015,40--64,Male,0.4661247207675085
332,2015,20--39,Both,0.7232885347318487
332,2015,20--64,Both,0.6148043366027468
332,2015,40--64,Both,0.4418283174960349
340,2005,20--39,Female,0.8984091346114303
340,2005,20--64,Female,0.8764983121033924
340,2005,40--64,Female,0.8040499691444043
340,2005,20--39,Male,0.8850620758059221
340,2005,20--64,Male,0.8550651728111938
340,2005,40--64,Male,0.8026813123748449
340,2005,20--39,Both,0.8917555225996983
340,2005,20--64,Both,0.8657835414725279
340,2005,40--64,Both,0.8033942571946222
340,2010,20--39,Female,0.938722101173775
340,2010,20--64,Female,0.9200890551690005
340,2010,40--64,Female,0.8570765617070835
340,2010,20--39,Male,0.9083219352143297
340,2010,20--64,Male,0.8748875824054034
340,2010,40--64,Male,0.8179154563046949
340,2010,20--39,Both,0.9235399768463414
340,2010,20--64,Both,0.8974897721518332
340,2010,40--64,Both,0.8375295083395609
340,2020,20--39,Female,0.9378711054713365
340,2020,20--64,Female,0.9262571689526715
340,2020,40--64,Female,0.8528584246963987
340,2020,20--39,Male,0.9120373802477896
340,2020,20--64,Male,0.8846656448990416
340,2020,40--64,Male,0.799864304102799
340,2020,20--39,Both,0.9249729720812552
340,2020,20--64,Both,0.9054629450307117
340,2020,40--64,Both,0.8263958132939508
356,2015,20--39,Female,0.6545298699335768
356,2015,20--64,Female,0.590511164991325
356,2015,40--64,Female,0.3975273663259875
356,2015,20--39,Male,0.8220069397376681
356,2015,20--64,Male,0.7737477696972843
356,2015,40--64,Male,0.6741909531316889
356,2015,20--39,Both,0.7383136346578356
356,2015,20--64,Both,0.6821344680935086
356,2015,40--64,Both,0.5358512715433666
356,2020,20--39,Female,0.6339592456999492
356,2020,20--64,Female,0.5653402144826624
356,2020,40--64,Female,0.3769923421145
356,2020,20--39,Male,0.7411214221203306
356,2020,20--64,Male,0.6922873855288085
356,2020,40--64,Male,0.5998318097368365
356,2020,20--39,Both,0.6875745986634395
356,2020,20--64,Both,0.6288176584351369
356,2020,40--64,Both,0.48840773631447465
360,2005,20--39,Female,0.8911389588348205
360,2005,20--64,Female,0.8084996452295321
360,2005,40--64,Female,0.6331782742302162
360,2005,20--39,Male,0.9274712591792329
360,2005,20--64,Male,0.8603117194318498
360,2005,40--64,Male,0.7865731573437655
360,2005,20--39,Both,0.9093334587931046
360,2005,20--64,Both,0.8344087137477828
360,2005,40--64,Both,0.709885977063185
360,2010,20--39,Female,0.9376790991335763
360,2010,20--64,Female,0.8838016246702206
360,2010,40--64,Female,0.7569265585347016
360,2010,20--39,Male,0.9511761033014804
360,2010,20--64,Male,0.9048854689094672
360,2010,40--64,Male,0.8502667630472804
360,2010,20--39,Both,0.9444531439701781
360,2010,20--64,Both,0.8943461791106658
360,2010,40--64,Both,0.8036160812782481
360,2015,20--39,Female,0.9729559478819519
360,2015,20--64,Female,0.9452024558081803
360,2015,40--64,Female,0.8892761709826797
360,2015,20--39,Male,0.9730476632798055
360,2015,20--64,Male,0.9373042871457113
360,2015,40--64,Male,0.9059318671209377
360,2015,20--39,Both,0.9730258973528217
360,2015,20--64,Both,0.9412556031227126
360,2015,40--64,Both,0.8976342250500001
368,2005,20--39,Female,0.6645774235091007
368,2005,20--64,Female,0.639605831688739
368,2005,40--64,Female,0.4892767614940657
368,2005,20--39,Male,0.76781360176712
368,2005,20--64,Male,0.8142707951678549
368,2005,40--64,Male,0.8228094444110738
368,2005,20--39,Both,0.7162298544389066
368,2005,20--64,Both,0.7269432736674096
368,2005,40--64,Both,0.6560339491652901
368,2010,20--39,Female,0.6716470528238309
368,2010,20--64,Female,0.6702065632963126
368,2010,40--64,Female,0.6133063647287316
368,2010,20--39,Male,0.7727953897346336
368,2010,20--64,Male,0.8237230165304351
368,2010,40--64,Male,0.8784445424742339
368,2010,20--39,Both,0.7222553760753336
368,2010,20--64,Both,0.7469694219640217
368,2010,40--64,Both,0.7458761316482239
368,2020,20--39,Female,0.6819188591840448
368,2020,20--64,Female,0.6990083175541754
368,2020,40--64,Female,0.6256074060917938
368,2020,20--39,Male,0.7711176675014155
368,2020,20--64,Male,0.7995951338202524
368,2020,40--64,Male,0.7630313594395125
368,2020,20--39,Both,0.7265506007734996
368,2020,20--64,Both,0.7493054158877157
368,2020,40--64,Both,0.6943306446010604
384,2005,20--39,Female,0.3103783819172994
384,2005,20--64,Female,0.32160167585175714
384,2005,40--64,Female,0.19201434499182005
384,2005,20--39,Male,0.5225853832879548
384,2005,20--64,Male,0.5144237701420642
384,2005,40--64,Male,0.4192476257746112
384,2005,20--39,Both,0.4165263506439559
384,2005,20--64,Both,0.4180172294954592
384,2005,40--64,Both,0.30561973824062333
384,2010,20--39,Female,0.3376943148351627
384,2010,20--64,Female,0.323378104988645
384,2010,40--64,Female,0.2635579389784494
384,2010,20--39,Male,0.5578499737397062
384,2010,20--64,Male,0.5324644079463773
384,2010,40--64,Male,0.4780684649222981
384,2010,20--39,Both,0.44781866622415695
384,2010,20--64,Both,0.42792607916921643
384,2010,40--64,Both,0.3708055022928461
384,2015,20--39,Female,0.3432518913597477
384,2015,20--64,Female,0.3695665233001441
384,2015,40--64,Female,0.27712702156829794
384,2015,20--39,Male,0.5290892900958851
384,2015,20--64,Male,0.5579377993825045
384,2015,40--64,Male,0.5137395124837487
384,2015,20--39,Both,0.43621130085484505
384,2015,20--64,Both,0.4637567034621747
384,2015,40--64,Both,0.3954242923295209
384,2020,20--39,Female,0.30909249664121163
384,2020,20--64,Female,0.28933657401871365
384,2020,40--64,Female,0.21140204362165
384,2020,20--39,Male,0.511958371474582
384,2020,20--64,Male,0.47845758831410473
384,2020,40--64,Male,0.4111789225455315
384,2020,20--39,Both,0.4105682509243016
384,2020,20--64,Both,0.38390143538291494
384,2020,40--64,Both,0.3112821049083804
388,2005,20--39,Female,1.0005286017907706
388,2005,20--64,Female,0.9989735713726482
388,2005,40--64,Female,0.992637207254998
388,2005,20--39,Male,0.9757331198864955
388,2005,20--64,Male,0.9533466379578442
388,2005,40--64,Male,0.9396538577346413
388,2005,20--39,Both,0.9881513205124639
388,2005,20--64,Both,0.9761617487573413
388,2005,40--64,Both,0.9661849364066719
388,2010,20--39,Female,0.972110118929086
388,2010,20--64,Female,0.9678250582741688
388,2010,40--64,Female,0.9472830878971494
388,2010,20--39,Male,0.9489184444087163
388,2010,20--64,Male,0.9237439979508288
388,2010,40--64,Male,0.8973280896749142
388,2010,20--39,Both,0.9605343161573641
388,2010,20--64,Both,0.9457861233022699
388,2010,40--64,Both,0.922343144041699
388,2020,20--39,Female,0.9604206980904206
388,2020,20--64,Female,0.9500822411132883
388,2020,40--64,Female,0.9222644484589183
388,2020,20--39,Male,0.937974193908064
388,2020,20--64,Male,0.9069721055048593
388,2020,40--64,Male,0.8742474085667485
388,2020,20--39,Both,0.9492173204130222
388,2020,20--64,Both,0.9285287423750517
388,2020,40--64,Both,0.8982924427473687
398,2010,20--39,Female,1.0117665781791658
398,2010,20--64,Female,1.0114922477623023
398,2010,40--64,Female,1.0143434178005095
398,2010,20--39,Male,1.0125122625733611
398,2010,20--64,Male,1.0121980983963341
398,2010,40--64,Male,1.0150532543414024
398,2010,20--39,Both,1.01216458589086
398,2010,20--64,Both,1.0118477367605854
398,2010,40--64,Both,1.0147342433364948
398,2015,20--39,Female,1.0135797009954646
398,2015,20--64,Female,1.0127812647631727
398,2015,40--64,Female,1.0151776983166532
398,2015,20--39,Male,1.01244776857909
398,2015,20--64,Male,0.9752026300517462
398,2015,40--64,Male,0.986976567261424
398,2015,20--39,Both,1.0130386196685353
398,2015,20--64,Both,0.9939937805672053
398,2015,40--64,Both,1.0011153667822068
400,2020,20--39,Female,0.9363831733019323
400,2020,20--64,Female,0.9315150384202054
400,2020,40--64,Female,0.9248183957130073
400,2020,20--39,Male,0.9444377891251577
400,2020,20--64,Male,0.9286070802440852
400,2020,40--64,Male,0.9021956480430453
400,2020,20--39,Both,0.9404350484188428
400,2020,20--64,Both,0.9300633521132838
400,2020,40--64,Both,0.9135416089356988
400,2025,20--39,Female,0.9473252563059081
400,2025,20--64,Female,0.9419897884566216
400,2025,40--64,Female,0.9380768298698828
400,2025,20--39,Male,0.9307031644968887
400,2025,20--64,Male,0.9314769376435682
400,2025,40--64,Male,0.9356145385827921
400,2025,20--39,Both,0.9390347704737746
400,2025,20--64,Both,0.9367355364824095
400,2025,40--64,Both,0.9368791394953483
404,2010,20--39,Female,0.7564464812388522
404,2010,20--64,Female,0.7225711532714743
404,2010,40--64,Female,0.5833279430139787
404,2010,20--39,Male,0.808865971325571
404,2010,20--64,Male,0.7930941457224614
404,2010,40--64,Male,0.7439475115118729
404,2010,20--39,Both,0.7826840319293524
404,2010,20--64,Both,0.7578358228917691
404,2010,40--64,Both,0.6636456470455397
404,2015,20--39,Female,0.8097711541851272
404,2015,20--64,Female,0.7874278792947667
404,2015,40--64,Female,0.7017144028929712
404,2015,20--39,Male,0.8607517421927374
404,2015,20--64,Male,0.855658645529745
404,2015,40--64,Male,0.8439646003826783
404,2015,20--39,Both,0.8352903239146907
404,2015,20--64,Both,0.8215465553889935
404,2015,40--64,Both,0.7728530783820702
404,2020,20--39,Female,0.8392238569445076
404,2020,20--64,Female,0.8187961887162903
404,2020,40--64,Female,0.7471586674837435
404,2020,20--39,Male,0.8428624452569894
404,2020,20--64,Male,0.8160015078367632
404,2020,40--64,Male,0.7516312379453549
404,2020,20--39,Both,0.8410645485389505
404,2020,20--64,Both,0.8174008590444048
404,2020,40--64,Both,0.7494210879414923
417,2005,20--39,Female,1.0133042014649416
417,2005,20--64,Female,1.0125878576776068
417,2005,40--64,Female,1.0157801475280617
417,2005,20--39,Male,1.0124321633783544
417,2005,20--64,Male,0.9761142697761606
417,2005,40--64,Male,0.9899594551099627
417,2005,20--39,Both,1.0128931055403145
417,2005,20--64,Both,0.994352917578658
417,2005,40--64,Both,1.0029078675320982
417,2015,20--39,Female,1.0067184376295104
417,2015,20--64,Female,1.0080821706663892
417,2015,40--64,Female,1.0135723846512004
417,2015,20--39,Male,1.005991707598568
417,2015,20--64,Male,0.9708154416394613
417,2015,40--64,Male,0.9857336897143428
417,2015,20--39,Both,1.006379857957716
417,2015,20--64,Both,0.9894506334434883
417,2015,40--64,Both,0.9996911854616503
417,2020,20--39,Female,1.0117153029964634
417,2020,20--64,Female,1.0112689017346133
417,2020,40--64,Female,1.013837473841527
417,2020,20--39,Male,1.0106827568994323
417,2020,20--64,Male,0.9737873931947236
417,2020,40--64,Male,0.9858113774624038
417,2020,20--39,Both,1.0112238859239064
417,2020,20--64,Both,0.9925299786730247
417,2020,40--64,Both,0.9998625982197707
418,2005,20--39,Female,0.546495881338347
418,2005,20--64,Female,0.5707956712115031
418,2005,40--64,Female,0.4760240424308158
418,2005,20--39,Male,0.6802622021926723
418,2005,20--64,Male,0.7139243959696473
418,2005,40--64,Male,0.703783330568283
418,2005,20--39,Both,0.6134157542624152
418,2005,20--64,Both,0.642364215914431
418,2005,40--64,Both,0.5899024671600794
418,2010,20--39,Female,0.5601815510045415
418,2010,20--64,Female,0.5744223394589071
418,2010,40--64,Female,0.46595407042545317
418,2010,20--39,Male,0.7156308376348843
418,2010,20--64,Male,0.7243741314191603
418,2010,40--64,Male,0.6695734718829228
418,2010,20--39,Both,0.6379470043772373
418,2010,20--64,Both,0.6494025576792201
418,2010,40--64,Both,0.5677641128400595
418,2015,20--39,Female,0.6310154173002567
418,2015,20--64,Female,0.6374931103219916
418,2015,40--64,Female,0.5063614935995664
418,2015,20--39,Male,0.785559054043271
418,2015,20--64,Male,0.7910791388982658
418,2015,40--64,Male,0.7223774695120685
418,2015,20--39,Both,0.7083296415176268
418,2015,20--64,Both,0.7142906755178158
418,2015,40--64,Both,0.6143702709101941
426,2010,20--39,Female,0.9092623710809924
426,2010,20--64,Female,0.8943441357106471
426,2010,40--64,Female,0.8467923599819428
426,2010,20--39,Male,0.6782495820565562
426,2010,20--64,Male,0.6578757847939963
426,2010,40--64,Male,0.6090387902837162
426,2010,20--39,Both,0.79373842850812
426,2010,20--64,Both,0.7761076828338795
426,2010,40--64,Both,0.7279644891898884
426,2015,20--39,Female,0.9206862472870733
426,2015,20--64,Female,0.9101614926003425
426,2015,40--64,Female,0.8728833107110718
426,2015,20--39,Male,0.7457125167277272
426,2015,20--64,Male,0.7009073530365594
426,2015,40--64,Male,0.5950559330693329
426,2015,20--39,Both,0.833191831430029
426,2015,20--64,Both,0.8055327068737279
426,2015,40--64,Both,0.7340226451071062
426,2025,20--39,Female,0.9462722838784111
426,2025,20--64,Female,0.9326857423924535
426,2025,40--64,Female,0.9013013207134198
426,2025,20--39,Male,0.8036492578759885
426,2025,20--64,Male,0.7419597661761655
426,2025,40--64,Male,0.6416456556556177
426,2025,20--39,Both,0.8749594616699236
426,2025,20--64,Both,0.8373214502433081
426,2025,40--64,Both,0.7715260751148305
430,2005,20--39,Female,0.32237153603360447
430,2005,20--64,Female,0.29366032424199595
430,2005,40--64,Female,0.18721344928031522
430,2005,20--39,Male,0.6168332761387094
430,2005,20--64,Male,0.6252625875202894
430,2005,40--64,Male,0.6358594902811627
430,2005,20--39,Both,0.46966143038588704
430,2005,20--64,Both,0.4594685518348449
430,2005,40--64,Both,0.4115074598627699
430,2010,20--39,Female,0.13920740535395526
430,2010,20--64,Female,0.29933341733519653
430,2010,40--64,Female,0.09194620800483234
430,2010,20--39,Male,0.6628212549862984
430,2010,20--64,Male,0.6559382486526477
430,2010,40--64,Male,0.6313809302202001
430,2010,20--39,Both,0.4011085473262738
430,2010,20--64,Both,0.4776434224568549
430,2010,40--64,Both,0.36162396778316946
430,2015,20--39,Female,0.4104742368551005
430,2015,20--64,Female,0.3710609741638824
430,2015,40--64,Female,0.22621996685933465
430,2015,20--39,Male,0.5935211849840012
430,2015,20--64,Male,0.5883100721146242
430,2015,40--64,Male,0.5516062161757483
430,2015,20--39,Both,0.5020396007229562
430,2015,20--64,Both,0.47969062250845035
430,2015,40--64,Both,0.38889525830292776
430,2020,20--39,Female,0.3692949737169279
430,2020,20--64,Female,0.3221899213732811
430,2020,40--64,Female,0.15378391682951564
430,2020,20--39,Male,0.6179525942056361
430,2020,20--64,Male,0.5732987587118975
430,2020,40--64,Male,0.4907863422002543
430,2020,20--39,Both,0.4936760288914332
430,2020,20--64,Both,0.4477499651645489
430,2020,40--64,Both,0.3222638050973295
450,2010,20--39,Female,0.6102832669169073
450,2010,20--64,Female,0.6133114151490321
450,2010,40--64,Female,0.6258594920579189
450,2010,20--39,Male,0.654393563477606
450,2010,20--64,Male,0.6764193002607295
450,2010,40--64,Male,0.7202261730193162
450,2010,20--39,Both,0.6323611635618989
450,2010,20--64,Both,0.6448681135162933
450,2010,40--64,Both,0.6730575244678252
450,2015,20--39,Female,0.5120122948435085
450,2015,20--64,Female,0.513211495054506
450,2015,40--64,Female,0.5207956619272827
450,2015,20--39,Male,0.5788858140132437
450,2015,20--64,Male,0.5703964633215884
450,2015,40--64,Male,0.6114248951709946
450,2015,20--39,Both,0.5454733172483932
450,2015,20--64,Both,0.5418063691093579
450,2015,40--64,Both,0.5661215423902018
450,2020,20--39,Female,0.6147519242109271
450,2020,20--64,Female,0.6010990092230509
450,2020,40--64,Female,0.5588761348200164
450,2020,20--39,Male,0.6465625393221507
450,2020,20--64,Male,0.63059901279532
450,2020,40--64,Male,0.6033868927227989
450,2020,20--39,Both,0.630677958464793
450,2020,20--64,Both,0.6158510918926985
450,2020,40--64,Both,0.5811477921469786
454,2005,20--39,Female,0.5590260135484761
454,2005,20--64,Female,0.5657912044022129
454,2005,40--64,Female,0.3657442263258289
454,2005,20--39,Male,0.7320418221600161
454,2005,20--64,Male,0.7531109728332483
454,2005,40--64,Male,0.6538853885589178
454,2005,20--39,Both,0.645577744608583
454,2005,20--64,Both,0.6594561053025763
454,2005,40--64,Both,0.5098048804203534
454,2010,20--39,Female,0.5715165486335116
454,2010,20--64,Female,0.5672991197045807
454,2010,40--64,Female,0.3677977288641757
454,2010,20--39,Male,0.739531086900172
454,2010,20--64,Male,0.7416879080160979
454,2010,40--64,Male,0.6692769610408164
454,2010,20--39,Both,0.6555670865920722
454,2010,20--64,Both,0.6544982865080564
454,2010,40--64,Both,0.5185264309487634
454,2015,20--39,Female,0.6104153974556524
454,2015,20--64,Female,0.6113489367748063
454,2015,40--64,Female,0.413469587127292
454,2015,20--39,Male,0.7639382143801918
454,2015,20--64,Male,0.7512526942269017
454,2015,40--64,Male,0.6668448447914576
454,2015,20--39,Both,0.6872185250477463
454,2015,20--64,Both,0.6813050382560969
454,2015,40--64,Both,0.540151743403323
454,2020,20--39,Female,0.6412167556356857
454,2020,20--64,Female,0.6382481734689651
454,2020,40--64,Female,0.4716302166520154
454,2020,20--39,Male,0.6997124467136886
454,2020,20--64,Male,0.7051197211195677
454,2020,40--64,Male,0.6894248611994642
454,2020,20--39,Both,0.6704906088089199
454,2020,20--64,Both,0.6716868381111328
454,2020,40--64,Both,0.5805269555527812
462,2015,20--39,Female,0.9706039890433528
462,2015,20--64,Female,0.9408828577564177
462,2015,40--64,Female,0.8503942450776207
462,2015,20--39,Male,0.9138414817490758
462,2015,20--64,Male,0.8893694907829821
462,2015,40--64,Male,0.8177949701012397
462,2015,20--39,Both,0.9422369128552505
462,2015,20--64,Both,0.9151275590836595
462,2015,40--64,Both,0.8341273486243663
466,2005,20--39,Female,0.08989891505113817
466,2005,20--64,Female,0.08945863864951564
466,2005,40--64,Female,0.08203149070883686
466,2005,20--39,Male,0.23335379201839634
466,2005,20--64,Male,0.22365803986575272
466,2005,40--64,Male,0.19420582198882613
466,2005,20--39,Both,0.16165344708855595
466,2005,20--64,Both,0.15656113690284387
466,2005,40--64,Both,0.13811265186810545
466,2010,20--39,Female,0.1177194579196349
466,2010,20--64,Female,0.12462242101217834
466,2010,40--64,Female,0.07131629988821371
466,2010,20--39,Male,0.26235086756728027
466,2010,20--64,Male,0.23377971431264005
466,2010,40--64,Male,0.19417344745179235
466,2010,20--39,Both,0.19006314867971524
466,2010,20--64,Both,0.1792034739976172
466,2010,40--64,Both,0.13273764046770217
466,2015,20--39,Female,0.17399889260737947
466,2015,20--64,Female,0.18039308765128542
466,2015,40--64,Female,0.0709687251589016
466,2015,20--39,Male,0.3545584683645795
466,2015,20--64,Male,0.36494394503573835
466,2015,40--64,Male,0.21757034201185224
466,2015,20--39,Both,0.2643142874831798
466,2015,20--64,Both,0.27267250830108725
466,2015,40--64,Both,0.14426040142063934
466,2020,20--39,Female,0.18146168032930873
466,2020,20--64,Female,0.16185709687037728
466,2020,40--64,Female,0.07329547095263843
466,2020,20--39,Male,0.35929494216362645
466,2020,20--64,Male,0.3055699238314525
466,2020,40--64,Male,0.22203210150978517
466,2020,20--39,Both,0.27041363028361437
466,2020,20--64,Both,0.23371667286260775
466,2020,40--64,Both,0.14765456692200116
478,2005,20--39,Female,0.4066955831473705
478,2005,20--64,Female,0.40143137710621457
478,2005,40--64,Female,0.2548552806260925
478,2010,20--39,Female,0.47781923433950896
478,2010,20--64,Female,0.4833127418082339
478,2010,40--64,Female,0.33715757501831567
478,2015,20--39,Female,0.40539654396363034
478,2015,20--64,Female,0.41709529683469093
478,2015,40--64,Female,0.258743991611362
478,2015,20--39,Male,0.5900402420388506
478,2015,20--64,Male,0.5956544949899264
478,2015,40--64,Male,0.49086125934084657
478,2020,20--39,Female,0.32681778556261026
478,2020,20--64,Female,0.39251800462157227
478,2020,40--64,Female,0.21317057093580197
478,2020,20--39,Male,0.4720453876548377
478,2020,20--64,Male,0.5111018475431449
478,2020,40--64,Male,0.40262464490618177
478,2020,20--39,Both,0.39946485005425486
478,2020,20--64,Both,0.45181318850214996
478,2020,40--64,Both,0.3078901126573011
484,2015,20--39,Female,0.9721516464801063
484,2015,20--64,Female,0.9550383300947387
484,2015,40--64,Female,0.9051005879668889
484,2015,20--39,Male,0.9662579429894557
484,2015,20--64,Male,0.9394117500011075
484,2015,40--64,Male,0.89415902039144
484,2015,20--39,Both,0.969227828986168
484,2015,20--64,Both,0.9472271483667494
484,2015,40--64,Both,0.8996627640004753
496,2005,20--39,Female,0.9751914849122383
496,2005,20--64,Female,0.9682780106664974
496,2005,40--64,Female,0.9592903380199256
496,2005,20--39,Male,0.9607593270221302
496,2005,20--64,Male,0.9443054316344307
496,2005,40--64,Male,0.9254522200048839
496,2005,20--39,Both,0.967997035233367
496,2005,20--64,Both,0.9562937028870956
496,2005,40--64,Both,0.9424079794046795
496,2010,20--39,Female,0.9827444402969175
496,2010,20--64,Female,0.983149858574963
496,2010,40--64,Female,0.9813349004009967
496,2010,20--39,Male,0.944726217600616
496,2010,20--64,Male,0.9613035067245471
496,2010,40--64,Male,0.9843425991383186
496,2010,20--39,Both,0.9637530562890545
496,2010,20--64,Both,0.9722287426328496
496,2010,40--64,Both,0.9828733041354929
496,2015,20--39,Female,0.9720707738874649
496,2015,20--64,Female,0.9800931659490598
496,2015,40--64,Female,0.9938179192330269
496,2015,20--39,Male,0.9290244386296427
496,2015,20--64,Male,0.9491317121505186
496,2015,40--64,Male,0.9701291311621214
496,2015,20--39,Both,0.950564197816422
496,2015,20--64,Both,0.9646143166237722
496,2015,40--64,Both,0.9820106433447849
496,2020,20--39,Female,0.9767089657882759
496,2020,20--64,Female,0.9840700088110782
496,2020,40--64,Female,0.9933307957140555
496,2020,20--39,Male,0.9375302074120834
496,2020,20--64,Male,0.9533145511297393
496,2020,40--64,Male,0.9647234957761646
496,2020,20--39,Both,0.9571369634044512
496,2020,20--64,Both,0.9686941715189035
496,2020,40--64,Both,0.9790646374262836
498,2005,20--39,Female,1.010912662847435
498,2005,20--64,Female,1.0110548387919596
498,2005,40--64,Female,1.0119388665195501
498,2005,20--39,Male,1.0119618849597785
498,2005,20--64,Male,1.011302733553531
498,2005,40--64,Male,1.01198493822329
498,2005,20--39,Both,1.0114624709085809
498,2005,20--64,Both,1.0111813399739136
498,2005,40--64,Both,1.0119977771233672
498,2010,20--39,Female,1.007662044901055
498,2010,20--64,Female,1.0075995286902943
498,2010,40--64,Female,1.0133637767548858
498,2010,20--39,Male,1.0058135760875917
498,2010,20--64,Male,1.0069534446546393
498,2010,40--64,Male,1.0130516158871672
498,2010,20--39,Both,1.0067624247256564
498,2010,20--64,Both,1.007279014627928
498,2010,40--64,Both,1.0132436500570405
499,2005,20--39,Female,0.9867658346363843
499,2005,20--64,Female,0.9803901982111984
499,2005,40--64,Female,0.9717430406838268
499,2005,20--39,Male,0.9960953169422735
499,2005,20--64,Male,0.9754185413924062
499,2005,40--64,Male,0.9551621028735111
499,2005,20--39,Both,0.9914566107254285
499,2005,20--64,Both,0.9779067462525173
499,2005,40--64,Both,0.9634883424975148
499,2015,20--39,Female,1.0046095231767744
499,2015,20--64,Female,1.0041091249921912
499,2015,40--64,Female,1.0043644601002972
499,2015,20--39,Male,1.0096171295049186
499,2015,20--64,Male,1.008542418381629
499,2015,40--64,Male,1.0119524398253414
499,2015,20--39,Both,1.0071390535902478
499,2015,20--64,Both,1.0063283881952363
499,2015,40--64,Both,1.0081934569138946
499,2020,20--39,Female,0.9763230124429619
499,2020,20--64,Female,0.9793587488288856
499,2020,40--64,Female,0.9814387069655097
499,2020,20--39,Male,1.008244697131889
499,2020,20--64,Male,0.9918868046435589
499,2020,40--64,Male,0.9965367759335344
499,2020,20--39,Both,0.9923135478457986
499,2020,20--64,Both,0.9856254859909518
499,2020,40--64,Both,0.9890213388440967
508,2010,20--39,Female,0.3195825030698702
508,2010,20--64,Female,0.3188757327305795
508,2010,40--64,Female,0.20598329886452124
508,2010,20--39,Male,0.6027160433984596
508,2010,20--64,Male,0.5690695985736967
508,2010,40--64,Male,0.5014999127295738
508,2010,20--39,Both,0.46120626468914766
508,2010,20--64,Both,0.4439782648818312
508,2010,40--64,Both,0.3537254284089384
508,2020,20--39,Female,0.37393204666327484
508,2020,20--64,Female,0.34674271998761785
508,2020,40--64,Female,0.24736831406519627
508,2020,20--39,Male,0.5934040081354477
508,2020,20--64,Male,0.5790131754466897
508,2020,40--64,Male,0.5340137126850006
508,2020,20--39,Both,0.4837153275174736
508,2020,20--64,Both,0.46288327367930754
508,2020,40--64,Both,0.39067700816836365
516,2005,20--39,Female,0.8717453704838449
516,2005,20--64,Female,0.8493057294725639
516,2005,40--64,Female,0.7502350557945124
516,2005,20--39,Male,0.8055522598771647
516,2005,20--64,Male,0.7892790724932447
516,2005,40--64,Male,0.6852121270986794
516,2005,20--39,Both,0.8386589115080828
516,2005,20--64,Both,0.8192933917464126
516,2005,40--64,Both,0.7177553575774814
516,2015,20--39,Female,0.9194908256039726
516,2015,20--64,Female,0.9067930264490162
516,2015,40--64,Female,0.8470113572539286
516,2015,20--39,Male,0.8255727003700446
516,2015,20--64,Male,0.7927792935236713
516,2015,40--64,Male,0.7265747164179138
516,2015,20--39,Both,0.8725382344367508
516,2015,20--64,Both,0.8497862609539089
516,2015,40--64,Both,0.7868326371306628
524,2005,20--39,Female,0.45570589739890965
524,2005,20--64,Female,0.38004649630336507
524,2005,40--64,Female,0.14734541314374425
524,2005,20--39,Male,0.755704804746689
524,2005,20--64,Male,0.6743436586550641
524,2005,40--64,Male,0.5500513688733701
524,2005,20--39,Both,0.6057686346521242
524,2005,20--64,Both,0.5272016762276931
524,2005,40--64,Both,0.34867161777730604
524,2010,20--39,Female,0.5994155626677763
524,2010,20--64,Female,0.5275381972931246
524,2010,40--64,Female,0.28214421174481225
524,2010,20--39,Male,0.8200237106961418
524,2010,20--64,Male,0.7958846375886895
524,2010,40--64,Male,0.7309043827695018
524,2010,20--39,Both,0.7097727133742361
524,2010,20--64,Both,0.6617178906633845
524,2010,40--64,Both,0.5064986440523299
524,2015,20--39,Female,0.6338508144663701
524,2015,20--64,Female,0.5588670715639441
524,2015,40--64,Female,0.32776610175723364
524,2015,20--39,Male,0.8249402707231527
524,2015,20--64,Male,0.7963865557500647
524,2015,40--64,Male,0.7253099483370474
524,2015,20--39,Both,0.729444354099537
524,2015,20--64,Both,0.6776327750269413
524,2015,40--64,Both,0.5265180588130542
524,2020,20--39,Female,0.6672567799859623
524,2020,20--64,Female,0.6269064041860796
524,2020,40--64,Female,0.3708840657980783
524,2020,20--39,Male,0.81584510526124
524,2020,20--64,Male,0.7905593790208141
524,2020,40--64,Male,0.6870174234833868
524,2020,20--39,Both,0.7415932128661661
524,2020,20--64,Both,0.7087376087661186
524,2020,40--64,Both,0.5289387757061214
548,2005,20--39,Female,0.8246914112847367
548,2005,20--64,Female,0.8033730375731241
548,2005,40--64,Female,0.7064161862332329
548,2005,20--39,Male,0.8396838239156015
548,2005,20--64,Male,0.8277370975318045
548,2005,40--64,Male,0.7545122988530378
548,2005,20--39,Both,0.8322106237039613
548,2005,20--64,Both,0.8155575599679936
548,2005,40--64,Both,0.7304854670910101
562,2005,20--39,Female,0.06691770341092569
562,2005,20--64,Female,0.06377209220862949
562,2005,40--64,Female,0.032695435489011944
562,2005,20--39,Male,0.20582987003766198
562,2005,20--64,Male,0.18222770556411946
562,2005,40--64,Male,0.1153267648249377
562,2005,20--39,Both,0.13639952409265704
562,2005,20--64,Both,0.12300233002128205
562,2005,40--64,Both,0.07400569382755301
562,2010,20--39,Female,0.08566891183209638
562,2010,20--64,Female,0.0877133668399681
562,2010,40--64,Female,0.06792761469190149
562,2010,20--39,Male,0.2645903157147045
562,2010,20--64,Male,0.23995481347265699
562,2010,40--64,Male,0.17999255732495933
562,2010,20--39,Both,0.1751627510485959
562,2010,20--64,Both,0.1638372292003676
562,2010,40--64,Both,0.12395359016468399
562,2020,20--39,Female,0.10647774014392368
562,2020,20--64,Female,0.10960519204661628
562,2020,40--64,Female,0.08686484372183673
562,2020,20--39,Male,0.3540415094886464
562,2020,20--64,Male,0.3015914337299583
562,2020,40--64,Male,0.2273262884649136
562,2020,20--39,Both,0.23030517668562528
562,2020,20--64,Both,0.20560226888562227
562,2020,40--64,Both,0.15708748540055625
566,2005,20--39,Female,0.4230430099099146
566,2005,20--64,Female,0.4329025975121369
566,2005,40--64,Female,0.2717188732196336
566,2005,20--39,Male,0.6198443572361955
566,2005,20--64,Male,0.6190054884222931
566,2005,40--64,Male,0.4877923401734825
566,2005,20--39,Both,0.5214882688218446
566,2005,20--64,Both,0.5259587012931108
566,2005,40--64,Both,0.37974807220097495
566,2010,20--39,Female,0.5097520557452183
566,2010,20--64,Female,0.4955692320479593
566,2010,40--64,Female,0.3457890616654023
566,2010,20--39,Male,0.695631675777999
566,2010,20--64,Male,0.6402892366971125
566,2010,40--64,Male,0.5125000494798774
566,2010,20--39,Both,0.6027367032678427
566,2010,20--64,Both,0.5679332575360181
566,2010,40--64,Both,0.4291435693865732
566,2015,20--39,Female,0.4762086383308166
566,2015,20--64,Female,0.45632058406633863
566,2015,40--64,Female,0.3233693070158532
566,2015,20--39,Male,0.6830953067325569
566,2015,20--64,Male,0.6500781266563319
566,2015,40--64,Male,0.5357676415869359
566,2015,20--39,Both,0.579699621735578
566,2015,20--64,Both,0.5532042194393976
566,2015,40--64,Both,0.4295630630891712
566,2020,20--39,Female,0.3657750583159033
566,2020,20--64,Female,0.3614553871179343
566,2020,40--64,Female,0.3105542450447264
566,2020,20--39,Male,0.5238312802264369
566,2020,20--64,Male,0.49422940827076045
566,2020,40--64,Male,0.45319540370431066
566,2020,20--39,Both,0.44483962065668864
566,2020,20--64,Both,0.42784585377273104
566,2020,40--64,Both,0.3818745014247541
586,2005,20--39,Female,0.3287287103991629
586,2005,20--64,Female,0.29453356672220093
586,2005,40--64,Female,0.20004357905154307
586,2005,20--39,Male,0.578795423421859
586,2005,20--64,Male,0.5116598707499485
586,2005,40--64,Male,0.4542827176901698
586,2005,20--39,Both,0.4538135523021943
586,2005,20--64,Both,0.4031016228124972
586,2005,40--64,Both,0.3271500401298822
586,2010,20--39,Female,0.4322191091556932
586,2010,20--64,Female,0.39610032890205715
586,2010,40--64,Female,0.29473207962609105
586,2010,20--39,Male,0.6210668769347847
586,2010,20--64,Male,0.574170021268203
586,2010,40--64,Male,0.49133554738984214
586,2010,20--39,Both,0.526686426543607
586,2010,20--64,Both,0.48513958665935536
586,2010,40--64,Both,0.3930286419554407
586,2020,20--39,Female,0.4952236419278365
586,2020,20--64,Female,0.46063920726482915
586,2020,40--64,Female,0.349635047678164
586,2020,20--39,Male,0.6101600170990696
586,2020,20--64,Male,0.5982897078293462
586,2020,40--64,Male,0.5753449792832263
586,2020,20--39,Both,0.5527240089598913
586,2020,20--64,Both,0.5294682571496034
586,2020,40--64,Both,0.4624844758379656
591,2015,20--39,Female,0.9659486843586771
591,2015,20--64,Female,0.9671757033003716
591,2015,40--64,Female,0.9611732298270035
591,2015,20--39,Male,0.9681019020580233
591,2015,20--64,Male,0.9535467715415208
591,2015,40--64,Male,0.9430977887991796
591,2015,20--39,Both,0.9670495689621598
591,2015,20--64,Both,0.9603634146277575
591,2015,40--64,Both,0.9521710240251975
598,2015,20--39,Female,0.4631982295179708
598,2015,20--64,Female,0.47492482676970843
598,2015,40--64,Female,0.3722590019731994
598,2015,20--39,Male,0.6142837116052766
598,2015,20--64,Male,0.6154643664797228
598,2015,40--64,Male,0.5395039434982662
600,2015,20--39,Female,0.9512080648115333
600,2015,20--64,Female,0.9397979681938915
600,2015,40--64,Female,0.8665617329358959
600,2015,20--39,Male,0.9548557474273088
600,2015,20--64,Male,0.9327949486357431
600,2015,40--64,Male,0.8557291012190399
600,2015,20--39,Both,0.9530560761923278
600,2015,20--64,Both,0.936298693591588
600,2015,40--64,Both,0.8611770018434983
604,2005,20--39,Female,0.9119559885184452
604,2005,20--64,Female,0.8879153009930223
604,2005,40--64,Female,0.8307591421137893
604,2005,20--39,Male,0.9413695321024192
604,2005,20--64,Male,0.9350335716101932
604,2005,40--64,Male,0.9176000214837314
604,2005,20--39,Both,0.9266904257962685
604,2005,20--64,Both,0.9114775779769833
604,2005,40--64,Both,0.8742021364390216
604,2010,20--39,Female,0.9390447334573601
604,2010,20--64,Female,0.9140039038173006
604,2010,40--64,Female,0.8582329118577796
604,2010,20--39,Male,0.9581228159736443
604,2010,20--64,Male,0.9459994262039287
604,2010,40--64,Male,0.9186479037118879
604,2010,20--39,Both,0.9486103187834166
604,2010,20--64,Both,0.9300045826131152
604,2010,40--64,Both,0.8884660362046021
608,2010,20--39,Female,0.9522676690845351
608,2010,20--64,Female,0.9366115508626858
608,2010,40--64,Female,0.8970214112456061
608,2010,20--39,Male,0.9738956914993253
608,2010,20--64,Male,0.9326452516457953
608,2010,40--64,Male,0.8966215445084901
608,2010,20--39,Both,0.9631089936139856
608,2010,20--64,Both,0.9346306866001316
608,2010,40--64,Both,0.8968533136494373
608,2020,20--39,Female,0.9569243008102124
608,2020,20--64,Female,0.9477019849190057
608,2020,40--64,Female,0.9214118052690292
608,2020,20--39,Male,0.9771902559897079
608,2020,20--64,Male,0.9423043221013896
608,2020,40--64,Male,0.9187064828906972
608,2020,20--39,Both,0.9670844708259856
608,2020,20--64,Both,0.9450054393831324
608,2020,40--64,Both,0.9200920277987131
624,2005,20--39,Female,0.21966008296160017
624,2005,20--64,Female,0.2206841941533705
624,2005,40--64,Female,0.10449256046067912
624,2005,20--39,Male,0.5753882889223226
624,2005,20--64,Male,0.5664909025482249
624,2005,40--64,Male,0.45968033933941416
624,2005,20--39,Both,0.39759128964814067
624,2005,20--64,Both,0.3935947325650794
624,2005,40--64,Both,0.2820619329172388
624,2015,20--39,Female,0.3640446440352782
624,2015,20--64,Female,0.3749328120069514
624,2015,40--64,Female,0.17908869717771708
624,2015,20--39,Male,0.6864068633391225
624,2015,20--64,Male,0.6564152943441925
624,2015,40--64,Male,0.5143962034287742
624,2015,20--39,Both,0.5252906459523516
624,2015,20--64,Both,0.5156803934217269
624,2015,40--64,Both,0.3467221577410732
624,2020,20--39,Female,0.31700889915040537
624,2020,20--64,Female,0.3298411492364425
624,2020,40--64,Female,0.12907423884566346
624,2020,20--39,Male,0.5938196475756593
624,2020,20--64,Male,0.5305681423599456
624,2020,40--64,Male,0.3727923049504441
624,2020,20--39,Both,0.45547010502974
624,2020,20--64,Both,0.4302093245774729
624,2020,40--64,Both,0.25091848339240996
626,2010,20--39,Female,0.5699634932656
626,2010,20--64,Female,0.530207101282716
626,2010,40--64,Female,0.21914075610710168
626,2010,20--39,Male,0.716494523676432
626,2010,20--64,Male,0.6665654228149533
626,2010,40--64,Male,0.5387906744712317
626,2010,20--39,Both,0.6432685145356873
626,2010,20--64,Both,0.5983902122781727
626,2010,40--64,Both,0.3789480868658651
626,2015,20--39,Female,0.6241412813130462
626,2015,20--64,Female,0.5575003134987933
626,2015,40--64,Female,0.3393172694352145
626,2015,20--39,Male,0.6931085076688664
626,2015,20--64,Male,0.5984618005038154
626,2015,40--64,Male,0.4409742727654974
626,2015,20--39,Both,0.6586522949117921
626,2015,20--64,Both,0.5779832476387733
626,2015,40--64,Both,0.39014972438163265
646,2005,20--39,Female,0.6339790585663201
646,2005,20--64,Female,0.577233350084208
646,2005,40--64,Female,0.39478571665100287
646,2005,20--39,Male,0.708077381823113
646,2005,20--64,Male,0.6785156469708861
646,2005,40--64,Male,0.6161494895114585
646,2005,20--39,Both,0.6710567535669495
646,2005,20--64,Both,0.6278778950413718
646,2005,40--64,Both,0.505464011588958
646,2010,20--39,Female,0.6971270550352696
646,2010,20--64,Female,0.6560226643733841
646,2010,40--64,Female,0.506401566971314
646,2010,20--39,Male,0.7437616085238324
646,2010,20--64,Male,0.719513272742144
646,2010,40--64,Male,0.6643462041618771
646,2010,20--39,Both,0.7204696666998504
646,2010,20--64,Both,0.6877708393872524
646,2010,40--64,Both,0.5853792904545987
646,2015,20--39,Female,0.7373479612285578
646,2015,20--64,Female,0.7071044271197247
646,2015,40--64,Female,0.5974188542670511
646,2015,20--39,Male,0.7658450831714348
646,2015,20--64,Male,0.7442018962221968
646,2015,40--64,Male,0.6972841921849914
646,2015,20--39,Both,0.751619708127611
646,2015,20--64,Both,0.7256556554282687
646,2015,40--64,Both,0.6473647698880818
646,2020,20--39,Female,0.7664862248701955
646,2020,20--64,Female,0.7421846458062348
646,2020,40--64,Female,0.6676305576379176
646,2020,20--39,Male,0.762368404389652
646,2020,20--64,Male,0.7457260396444972
646,2020,40--64,Male,0.7152002094927457
646,2020,20--39,Both,0.7644455675369576
646,2020,20--64,Both,0.7439572817808672
646,2020,40--64,Both,0.6914352747945762
662,2010,20--39,Female,0.994642540970799
662,2010,20--64,Female,0.97139791977928
662,2010,40--64,Female,0.9095252752901329
662,2010,20--39,Male,0.9645244823080151
662,2010,20--64,Male,0.9202228732547425
662,2010,40--64,Male,0.8534690554207057
662,2010,20--39,Both,0.9796029029528837
662,2010,20--64,Both,0.9458118647492422
662,2010,40--64,Both,0.8815338666816619
678,2010,20--39,Female,0.6851532657363646
678,2010,20--64,Female,0.6523534933980484
678,2010,40--64,Female,0.5445494920836484
678,2010,20--39,Male,0.8156817895966608
678,2010,20--64,Male,0.8152933927336999
678,2010,40--64,Male,0.8102554531529347
678,2010,20--39,Both,0.750457109954608
678,2010,20--64,Both,0.7338282107181974
678,2010,40--64,Both,0.6774006677681946
678,2015,20--39,Female,0.7906625382087262
678,2015,20--64,Female,0.8097088700000311
678,2015,40--64,Female,0.696658537506729
678,2015,20--39,Male,0.8525323746889562
678,2015,20--64,Male,0.8791858025905062
678,2015,40--64,Male,0.8938765464059599
678,2015,20--39,Both,0.8216277470647215
678,2015,20--64,Both,0.8444507093307457
678,2015,40--64,Both,0.7952765719251428
678,2020,20--39,Female,0.7472762526106733
678,2020,20--64,Female,0.7687889709621821
678,2020,40--64,Female,0.6238763023901143
678,2020,20--39,Male,0.8248527654921587
678,2020,20--64,Male,0.8387849154974714
678,2020,40--64,Male,0.7834860771503379
678,2020,20--39,Both,0.7860964489424561
678,2020,20--64,Both,0.8037902230464559
678,2020,40--64,Both,0.7036906274338451
686,2005,20--39,Female,0.23979569748800209
686,2005,20--64,Female,0.22769481684588097
686,2005,40--64,Female,0.17158285354488134
686,2005,20--39,Male,0.39006343536133714
686,2005,20--64,Male,0.36122248784171407
686,2005,40--64,Male,0.32382385638775296
686,2005,20--39,Both,0.31496155024771544
686,2005,20--64,Both,0.2944617856325453
686,2005,40--64,Both,0.24769734200472684
686,2010,20--39,Female,0.25765505876906436
686,2010,20--64,Female,0.2425858609925058
686,2010,40--64,Female,0.1780446048886504
686,2010,20--39,Male,0.43975716043678803
686,2010,20--64,Male,0.41146861290117515
686,2010,40--64,Male,0.3465195741363972
686,2010,20--39,Both,0.34874405408725867
686,2010,20--64,Both,0.327031085404135
686,2010,40--64,Both,0.2622750157680295
686,2015,20--39,Female,0.3286610390603359
686,2015,20--64,Female,0.30773206545701537
686,2015,40--64,Female,0.21210754164767584
686,2015,20--39,Male,0.5089124519695094
686,2015,20--64,Male,0.47164793575056196
686,2015,40--64,Male,0.3823328006752744
686,2015,20--39,Both,0.41882612621686616
686,2015,20--64,Both,0.3896939181096383
686,2015,40--64,Both,0.29721416605152623
686,2020,20--39,Female,0.3675154865268795
686,2020,20--64,Female,0.34593016394648274
686,2020,40--64,Female,0.2580662404586664
686,2020,20--39,Male,0.5792294207701705
686,2020,20--64,Male,0.5166456592316852
686,2020,40--64,Male,0.3738857834091478
686,2020,20--39,Both,0.4734182500751051
686,2020,20--64,Both,0.4312920557227184
686,2020,40--64,Both,0.3159759591524059
686,2025,20--39,Female,0.4154412680517979
686,2025,20--64,Female,0.37768251984480294
686,2025,40--64,Female,0.23998375746038897
686,2025,20--39,Male,0.53608715858559
686,2025,20--64,Male,0.49847450540398286
686,2025,40--64,Male,0.419195644747349
686,2025,20--39,Both,0.47579540833201134
686,2025,20--64,Both,0.4380817799631673
686,2025,40--64,Both,0.32958397030746217
688,2005,20--39,Female,0.9994276231771945
688,2005,20--64,Female,0.9950025575935768
688,2005,40--64,Female,0.9914929249225203
688,2005,20--39,Male,1.0089426230189578
688,2005,20--64,Male,0.9965737056235252
688,2005,40--64,Male,0.9854668223395467
688,2005,20--39,Both,1.004211503512022
688,2005,20--64,Both,0.9957906703008991
688,2005,40--64,Both,0.988515505940012
688,2010,20--39,Female,1.0033089296806283
688,2010,20--64,Female,1.0032076568960977
688,2010,40--64,Female,1.0050134065743488
688,2010,20--39,Male,1.011706178140466
688,2010,20--64,Male,1.011769949934047
688,2010,40--64,Male,0.9919573400497197
688,2010,20--39,Both,1.007533836596997
688,2010,20--64,Both,1.007491496788221
688,2010,40--64,Both,0.9985220435636896
688,2015,20--39,Female,1.0063902159436418
688,2015,20--64,Female,1.0056443646837252
688,2015,40--64,Female,1.0072630108950553
688,2015,20--39,Male,1.0137469631460905
688,2015,20--64,Male,1.001246280516784
688,2015,40--64,Male,0.9917335823166975
688,2015,20--39,Both,1.0100947680991543
688,2015,20--64,Both,1.0034477737144936
688,2015,40--64,Both,0.9995352431408273
688,2020,20--39,Female,1.003512619352367
688,2020,20--64,Female,1.0025356976579225
688,2020,40--64,Female,1.0042280492424538
688,2020,20--39,Male,1.0109868644629096
688,2020,20--64,Male,0.997237666311996
688,2020,40--64,Male,0.9875900132601201
688,2020,20--39,Both,1.007275869624729
688,2020,20--64,Both,0.9998891080130491
688,2020,40--64,Both,0.9959459582667559
694,2005,20--39,Female,0.1461034507845963
694,2005,20--64,Female,0.16412495371943533
694,2005,40--64,Female,0.105251891855364
694,2005,20--39,Male,0.4154672170181407
694,2005,20--64,Male,0.39051925439631774
694,2005,40--64,Male,0.30177371191354513
694,2005,20--39,Both,0.280835645507943
694,2005,20--64,Both,0.27732685698394544
694,2005,40--64,Both,0.20350091877677734
694,2010,20--39,Female,0.20445363649354006
694,2010,20--64,Female,0.23154685606915412
694,2010,40--64,Female,0.14821187793084034
694,2010,20--39,Male,0.3696791514104004
694,2010,20--64,Male,0.3495405483209436
694,2010,40--64,Male,0.31056565037110356
694,2010,20--39,Both,0.2871000962777336
694,2010,20--64,Both,0.2905465474668096
694,2010,40--64,Both,0.22938111904905037
694,2015,20--39,Female,0.27619531671555414
694,2015,20--64,Female,0.28836979152574455
694,2015,40--64,Female,0.13108058984935583
694,2015,20--39,Male,0.4994527485013453
694,2015,20--64,Male,0.47044558344114157
694,2015,40--64,Male,0.27437997717206936
694,2015,20--39,Both,0.3878695704635746
694,2015,20--64,Both,0.37941190423177606
694,2015,40--64,Both,0.20272354500102444
694,2020,20--39,Female,0.23825821774082237
694,2020,20--64,Female,0.20424339698957397
694,2020,40--64,Female,0.08147646678746112
694,2020,20--39,Male,0.43960122037641897
694,2020,20--64,Male,0.3533383012192435
694,2020,40--64,Male,0.20933990955506604
694,2020,20--39,Both,0.3389705191236354
694,2020,20--64,Both,0.27879422163396733
694,2020,40--64,Both,0.14540091741899336
704,2005,20--39,Female,0.8524440026528335
704,2005,20--64,Female,0.883160931651102
704,2005,40--64,Female,0.8812502422723574
704,2005,20--39,Male,0.894429343089438
704,2005,20--64,Male,0.904704487653909
704,2005,40--64,Male,0.9171202735714225
704,2005,20--39,Both,0.873465045145095
704,2005,20--64,Both,0.8939353491689926
704,2005,40--64,Both,0.8992136526667596
704,2010,20--39,Female,0.9393346611996285
704,2010,20--64,Female,0.9391224784595349
704,2010,40--64,Female,0.9161066586540993
704,2010,20--39,Male,0.974599027100288
704,2010,20--64,Male,0.9535082868892315
704,2010,40--64,Male,0.9401878958346055
704,2010,20--39,Both,0.9569962014079396
704,2010,20--64,Both,0.9463180260925
704,2010,40--64,Both,0.9281778445173231
704,2015,20--39,Female,0.9440535852970522
704,2015,20--64,Female,0.9381073868536755
704,2015,40--64,Female,0.9064248937169442
704,2015,20--39,Male,0.9767053938092815
704,2015,20--64,Male,0.9489064070142575
704,2015,40--64,Male,0.9248442508041784
704,2015,20--39,Both,0.9604085106745346
704,2015,20--64,Both,0.9435094690474494
704,2015,40--64,Both,0.9156652461354137
704,2020,20--39,Female,0.9716549084514857
704,2020,20--64,Female,0.9575388259441315
704,2020,40--64,Female,0.905492229994537
704,2020,20--39,Male,0.9707908706020489
704,2020,20--64,Male,0.9579917745155226
704,2020,40--64,Male,0.9068008468723959
704,2020,20--39,Both,0.9712467834172648
704,2020,20--64,Both,0.9577677230376821
704,2020,40--64,Both,0.9061785387905676
706,2005,20--39,Female,0.18789443306658002
706,2005,20--64,Female,0.20010930209603642
706,2005,40--64,Female,0.11087662623052895
706,2005,20--39,Male,0.48151065439297613
706,2005,20--64,Male,0.4782125739580618
706,2005,40--64,Male,0.421986502543531
706,2005,20--39,Both,0.3347580938057562
706,2005,20--64,Both,0.33916677274497914
706,2005,40--64,Both,0.26641077600322494
710,2015,20--39,Female,0.9094388969399696
710,2015,20--64,Female,0.8876302353517318
710,2015,40--64,Female,0.8262324377882306
710,2015,20--39,Male,0.8335676984914001
710,2015,20--64,Male,0.7970315151607341
710,2015,40--64,Male,0.7293735473483801
710,2015,20--39,Both,0.871512649002171
710,2015,20--64,Both,0.8423313766897883
710,2015,40--64,Both,0.7778399827516641
716,2005,20--39,Female,0.8577991130579719
716,2005,20--64,Female,0.7990426816234897
716,2005,40--64,Female,0.5454507002955086
716,2005,20--39,Male,0.9226051161357095
716,2005,20--64,Male,0.8879831161985786
716,2005,40--64,Male,0.7625394137312677
716,2005,20--39,Both,0.8902345755195028
716,2005,20--64,Both,0.8435166180981735
716,2005,40--64,Both,0.653997147044859
716,2010,20--39,Female,0.9087276802527738
716,2010,20--64,Female,0.882701315899689
716,2010,40--64,Female,0.7309996228925988
716,2010,20--39,Male,0.9208487205689263
716,2010,20--64,Male,0.9066115696857402
716,2010,40--64,Male,0.8608617100460388
716,2010,20--39,Both,0.9148127882244979
716,2010,20--64,Both,0.8946591265112329
716,2010,40--64,Both,0.7959462658334701
716,2015,20--39,Female,0.9141922674866966
716,2015,20--64,Female,0.9036125682687456
716,2015,40--64,Female,0.8549296223657266
716,2015,20--39,Male,0.8789243509848338
716,2015,20--64,Male,0.8785294271232559
716,2015,40--64,Male,0.8975484628525018
716,2015,20--39,Both,0.8965748170336528
716,2015,20--64,Both,0.8910727951141447
716,2015,40--64,Both,0.8762659679203014
716,2020,20--39,Female,0.9381746281742981
716,2020,20--64,Female,0.9346419174832639
716,2020,40--64,Female,0.9183913552783003
716,2020,20--39,Male,0.9097741947261968
716,2020,20--64,Male,0.9072395636936827
716,2020,40--64,Male,0.938913430934882
716,2020,20--39,Both,0.9239927032241693
716,2020,20--64,Both,0.9209425717864613
716,2020,40--64,Both,0.9286833241802774
728,2010,20--39,Female,0.06417514528869357
728,2010,20--64,Female,0.074366838822262
728,2010,40--64,Female,0.03298072974991256
728,2010,20--39,Male,0.30744356254912975
728,2010,20--64,Male,0.2740836795014833
728,2010,40--64,Male,0.2137586861530038
728,2010,20--39,Both,0.1858531143751027
728,2010,20--64,Both,0.1742292744838862
728,2010,40--64,Both,0.12335651340464092
729,2010,20--39,Female,0.4447957082164098
729,2010,20--64,Female,0.4540370865525882
729,2010,40--64,Female,0.29951726790082345
729,2010,20--39,Male,0.556151400550306
729,2010,20--64,Male,0.5512241220874954
729,2010,40--64,Male,0.4531604282566626
729,2010,20--39,Both,0.5005038652478595
729,2010,20--64,Both,0.5026336117431215
729,2010,40--64,Both,0.3763372596372544
729,2015,20--39,Female,0.4807056248664517
729,2015,20--64,Female,0.5007565334286553
729,2015,40--64,Female,0.3938634174034245
729,2015,20--39,Male,0.568412929088301
729,2015,20--64,Male,0.5801693997618272
729,2015,40--64,Male,0.5381795979328162
729,2015,20--39,Both,0.5245863768070255
729,2015,20--64,Both,0.5404657511416007
729,2015,40--64,Both,0.4660240053645121
740,2005,20--39,Female,0.905806024706234
740,2005,20--64,Female,0.8991174465542274
740,2005,40--64,Female,0.8442666173657968
740,2005,20--39,Male,0.9306840092021019
740,2005,20--64,Male,0.9268078389743198
740,2005,40--64,Male,0.8851157631328662
740,2005,20--39,Both,0.91827174398487
740,2005,20--64,Both,0.9129654403220063
740,2005,40--64,Both,0.8647178781151688
740,2010,20--39,Female,0.903778048158287
740,2010,20--64,Female,0.9061513623295288
740,2010,40--64,Female,0.8814144874135558
740,2010,20--39,Male,0.9237886060158536
740,2010,20--64,Male,0.9269258952695071
740,2010,40--64,Male,0.9101914138281485
740,2010,20--39,Both,0.913809160129768
740,2010,20--64,Both,0.9165413115396743
740,2010,40--64,Both,0.8958319147783707
740,2020,20--39,Female,0.9271338423362928
740,2020,20--64,Female,0.9258605793294945
740,2020,40--64,Female,0.8818178813099196
740,2020,20--39,Male,0.902541495137221
740,2020,20--64,Male,0.9047872073967038
740,2020,40--64,Male,0.8806644256197091
740,2020,20--39,Both,0.9148563474663747
740,2020,20--64,Both,0.9153258237248354
740,2020,40--64,Both,0.881272510071364
748,2005,20--39,Female,0.8773773084084496
748,2005,20--64,Female,0.8489373888320099
748,2005,40--64,Female,0.7446510810738092
748,2005,20--39,Male,0.8494654529047604
748,2005,20--64,Male,0.8272583986238972
748,2005,40--64,Male,0.729930520042326
748,2005,20--39,Both,0.8634382526947261
748,2005,20--64,Both,0.8380996185451264
748,2005,40--64,Both,0.7373183718865463
748,2010,20--39,Female,0.9171979828125759
748,2010,20--64,Female,0.9112965242807903
748,2010,40--64,Female,0.8130543355685406
748,2010,20--39,Male,0.8926282346040334
748,2010,20--64,Male,0.8782758289142141
748,2010,40--64,Male,0.7640279533819037
748,2010,20--39,Both,0.9049315454919951
748,2010,20--64,Both,0.894787841254845
748,2010,40--64,Both,0.7885738668504839
748,2015,20--39,Female,0.9320739615231178
748,2015,20--64,Female,0.9225708326897597
748,2015,40--64,Female,0.839998695843427
748,2015,20--39,Male,0.9232949121304711
748,2015,20--64,Male,0.9011495706468602
748,2015,40--64,Male,0.8183423103722075
748,2015,20--39,Both,0.9277059791559394
748,2015,20--64,Both,0.9118621170682462
748,2015,40--64,Both,0.8292020060897466
748,2020,20--39,Female,0.9475136052664901
748,2020,20--64,Female,0.9440264350262829
748,2020,40--64,Female,0.8879311102817193
748,2020,20--39,Male,0.9270597732311842
748,2020,20--64,Male,0.9023611723373188
748,2020,40--64,Male,0.7719001907968837
748,2020,20--39,Both,0.9373065897205054
748,2020,20--64,Both,0.9231953851728557
748,2020,40--64,Both,0.8299563515880108
760,2005,20--39,Female,0.7610493929364219
760,2005,20--64,Female,0.7435861933813684
760,2005,40--64,Female,0.5018003694272765
760,2005,20--39,Male,0.8543048591112918
760,2005,20--64,Male,0.8791048528366958
760,2005,40--64,Male,0.7544484674474194
760,2005,20--39,Both,0.8077121247985889
760,2005,20--64,Both,0.811349995211994
760,2005,40--64,Both,0.6281221354368197
762,2005,20--39,Female,0.9924929312594282
762,2005,20--64,Female,0.9795177396997251
762,2005,40--64,Female,0.9912694542211342
762,2005,20--39,Male,0.9911030599774084
762,2005,20--64,Male,0.9425582324578365
762,2005,40--64,Male,0.9649027555808211
762,2005,20--39,Both,0.9918223139902095
762,2005,20--64,Both,0.9610397472416087
762,2005,40--64,Both,0.978123345467961
762,2015,20--39,Female,0.7778992223094792
762,2015,20--64,Female,0.7941475294406589
762,2015,40--64,Female,0.8513926738850142
762,2015,20--39,Male,0.788718736579216
762,2015,20--64,Male,0.7647106267997835
762,2015,40--64,Male,0.8312382273381963
762,2015,20--39,Both,0.7833301042679143
762,2015,20--64,Both,0.7794305161120042
762,2015,40--64,Both,0.841347238230409
764,2005,20--39,Female,0.9402210246172318
764,2005,20--64,Female,0.9141182522111567
764,2005,40--64,Female,0.82480474884888
764,2005,20--39,Male,0.9594501679662767
764,2005,20--64,Male,0.9151723422249901
764,2005,40--64,Male,0.8396380911568441
764,2005,20--39,Both,0.9498621956546354
764,2005,20--64,Both,0.9146476220765503
764,2005,40--64,Both,0.8322494849559668
764,2010,20--39,Female,0.9525613473057856
764,2010,20--64,Female,0.9258582932655732
764,2010,40--64,Female,0.8591930887668393
764,2010,20--39,Male,0.9702780883008715
764,2010,20--64,Male,0.9231750782726973
764,2010,40--64,Male,0.8657141307556697
764,2010,20--39,Both,0.9614463603419842
764,2010,20--64,Both,0.9245189685961003
764,2010,40--64,Both,0.8624835544186701
764,2015,20--39,Female,0.9407073008265613
764,2015,20--64,Female,0.9334561532760552
764,2015,40--64,Female,0.9069861411844788
764,2015,20--39,Male,0.9414251038638451
764,2015,20--64,Male,0.9374446350933147
764,2015,40--64,Male,0.9167028747748974
764,2015,20--39,Both,0.9410896046588793
764,2015,20--64,Both,0.9354528240388567
764,2015,40--64,Both,0.9118758932287687
764,2020,20--39,Female,0.9621980037331201
764,2020,20--64,Female,0.9568731341452266
764,2020,40--64,Female,0.9393924619380118
764,2020,20--39,Male,0.9494789813047292
764,2020,20--64,Male,0.9513054408431887
764,2020,40--64,Male,0.9420254604856091
764,2020,20--39,Both,0.9558600972454909
764,2020,20--64,Both,0.9540915932303956
764,2020,40--64,Both,0.9407420582756679
768,2005,20--39,Female,0.34039827954445934
768,2005,20--64,Female,0.37421151811580244
768,2005,40--64,Female,0.232337926123032
768,2005,20--39,Male,0.6170159523246076
768,2005,20--64,Male,0.6573118817805838
768,2005,40--64,Male,0.5796517326103687
768,2005,20--39,Both,0.47876349290218395
768,2005,20--64,Both,0.5157680693846121
768,2005,40--64,Both,0.4059754707903858
768,2010,20--39,Female,0.3949222552436296
768,2010,20--64,Female,0.3910350906122231
768,2010,40--64,Female,0.23377482942167246
768,2010,20--39,Male,0.700432916834556
768,2010,20--64,Male,0.6987028096687664
768,2010,40--64,Male,0.6199622934189085
768,2010,20--39,Both,0.5477403210270261
768,2010,20--64,Both,0.5448758328570861
768,2010,40--64,Both,0.42684616504654393
768,2015,20--39,Female,0.4281252164814513
768,2015,20--64,Female,0.4297774377242514
768,2015,40--64,Female,0.25480159728071494
768,2015,20--39,Male,0.728054040280255
768,2015,20--64,Male,0.728672666932596
768,2015,40--64,Male,0.5790751218078031
768,2015,20--39,Both,0.578152217324515
768,2015,20--64,Both,0.5792318645853541
768,2015,40--64,Both,0.4169216281073386
776,2020,20--39,Female,1.0112025670717697
776,2020,20--64,Female,1.009537799953676
776,2020,40--64,Female,1.008460458594319
776,2020,20--39,Male,1.0087078826583173
776,2020,20--64,Male,1.0103133471129102
776,2020,40--64,Male,1.017087688952451
776,2020,20--39,Both,1.0099798146804724
776,2020,20--64,Both,1.0099281336228718
776,2020,40--64,Both,1.012809143373937
780,2005,20--39,Female,0.9698297738726007
780,2005,20--64,Female,0.9584034285705979
780,2005,40--64,Female,0.9318929801757152
780,2005,20--39,Male,0.9466236837388077
780,2005,20--64,Male,0.9165276232428591
780,2005,40--64,Male,0.8868551606619729
780,2005,20--39,Both,0.9582467043677904
780,2005,20--64,Both,0.9374671396094334
780,2005,40--64,Both,0.9094106893173577
780,2010,20--39,Female,0.9843189610636407
780,2010,20--64,Female,0.9749613827040058
780,2010,40--64,Female,0.9453740738572075
780,2010,20--39,Male,0.9603321148436512
780,2010,20--64,Male,0.9316370758611752
780,2010,40--64,Male,0.8979126589623722
780,2010,20--39,Both,0.9723457367017952
780,2010,20--64,Both,0.9533008569684638
780,2010,40--64,Both,0.9216806558511299
780,2020,20--39,Female,1.002016118811138
780,2020,20--64,Female,0.9950720849598971
780,2020,40--64,Female,0.9787490450598234
780,2020,20--39,Male,0.977726637107485
780,2020,20--64,Male,0.9506067780647337
780,2020,40--64,Male,0.9280998358474003
780,2020,20--39,Both,0.9898919621608667
780,2020,20--64,Both,0.9728410880321309
780,2020,40--64,Both,0.953463166497712
788,2010,20--39,Female,0.8606522014444454
788,2010,20--64,Female,0.8175944645554031
788,2010,40--64,Female,0.6125048353284375
788,2010,20--39,Male,0.9380141778054155
788,2010,20--64,Male,0.9442952847521157
788,2010,40--64,Male,0.8749409947097201
788,2010,20--39,Both,0.8993678978213058
788,2010,20--64,Both,0.880949364339578
788,2010,40--64,Both,0.7437237793389097
788,2020,20--39,Female,0.8977702322120933
788,2020,20--64,Female,0.846246441639711
788,2020,40--64,Female,0.6776268110350897
788,2020,20--39,Male,0.931301099929623
788,2020,20--64,Male,0.9112510928244291
788,2020,40--64,Male,0.8339844964829515
788,2020,20--39,Both,0.914563694298593
788,2020,20--64,Both,0.8787521466682744
788,2020,40--64,Both,0.7558172555511175
788,2025,20--39,Female,0.9252735723842633
788,2025,20--64,Female,0.882980465756908
788,2025,40--64,Female,0.7617556289007792
788,2025,20--39,Male,0.9448152730132243
788,2025,20--64,Male,0.9280724372194521
788,2025,40--64,Male,0.8724870577382413
788,2025,20--39,Both,0.9350707063699198
788,2025,20--64,Both,0.9055295418853264
788,2025,40--64,Both,0.8171395531859492
792,2020,20--39,Female,0.9320195234996286
792,2020,20--64,Female,0.9135074096482293
792,2020,40--64,Female,0.8755969244566236
792,2020,20--39,Male,0.9530681914732548
792,2020,20--64,Male,0.9329331318882562
792,2020,40--64,Male,0.8940440709833459
792,2020,20--39,Both,0.9425705693310078
792,2020,20--64,Both,0.9232229462026186
792,2020,40--64,Both,0.8848500763774918
795,2005,20--39,Female,1.0050213913812027
795,2005,20--64,Female,1.004657547977692
795,2005,40--64,Female,1.003413312513531
795,2005,20--39,Male,1.0049197592720112
795,2005,20--64,Male,0.9690742854457438
795,2005,40--64,Male,0.9791985657122305
795,2005,20--39,Both,1.0049954270422354
795,2005,20--64,Both,0.986867767633994
795,2005,40--64,Both,0.9913434392564444
795,2015,20--39,Female,1.0123185445254834
795,2015,20--64,Female,1.0118146082566217
795,2015,40--64,Female,1.015777923734858
795,2015,20--39,Male,1.0116390799382413
795,2015,20--64,Male,0.9751211152735599
795,2015,40--64,Male,0.9889781324231693
795,2015,20--39,Both,1.0120037443444552
795,2015,20--64,Both,0.9934697094526017
795,2015,40--64,Both,1.002416172008478
795,2020,20--39,Female,1.012794789850997
795,2020,20--64,Female,1.0125194125055603
795,2020,40--64,Female,1.0160347629226942
795,2020,20--39,Male,1.0120477942839896
795,2020,20--64,Male,0.9755090105568608
795,2020,40--64,Male,0.9886690246763553
795,2020,20--39,Both,1.0124462242578038
795,2020,20--64,Both,0.994016054921691
795,2020,40--64,Both,1.0023900918030988
796,2020,20--39,Female,1.0027205688396803
796,2020,20--64,Female,0.9917187224224542
796,2020,40--64,Female,0.9666447856187619
796,2020,20--39,Male,0.9856159450414332
796,2020,20--64,Male,0.9655390207027168
796,2020,40--64,Male,0.9312268285441033
798,2020,20--39,Female,1.0027359055510072
798,2020,20--64,Female,0.9907124240346447
798,2020,40--64,Female,0.9712479880850217
798,2020,20--39,Male,0.9738500409100813
798,2020,20--64,Male,0.9754884574741676
798,2020,40--64,Male,0.9791872319582561
800,2005,20--39,Female,0.46708960765909524
800,2005,20--64,Female,0.4545028184567098
800,2005,40--64,Female,0.3665369875977436
800,2005,20--39,Male,0.694608955305851
800,2005,20--64,Male,0.6928824108037228
800,2005,40--64,Male,0.6881098451264347
800,2005,20--39,Both,0.5809002818676704
800,2005,20--64,Both,0.5736983293642972
800,2005,40--64,Both,0.5273108611007298
800,2015,20--39,Female,0.5718363192557757
800,2015,20--64,Female,0.5412628899353488
800,2015,40--64,Female,0.41396560979619434
800,2015,20--39,Male,0.6455280702185094
800,2015,20--64,Male,0.6440644850724416
800,2015,40--64,Male,0.6336420214266092
800,2015,20--39,Both,0.6087091198999338
800,2015,20--64,Both,0.5926670224490649
800,2015,40--64,Both,0.5238010382153901
804,2010,20--39,Female,1.0140198648189278
804,2010,20--64,Female,1.0134506526207954
804,2010,40--64,Female,1.016611625867456
804,2010,20--39,Male,1.0137469631460905
804,2010,20--64,Male,1.0135380346914238
804,2010,40--64,Male,1.017087688952448
804,2010,20--39,Both,1.013908458675193
804,2010,20--64,Both,1.0134969004211207
804,2010,40--64,Both,1.0168856636697667
807,2005,20--39,Female,0.9290517545777442
807,2005,20--64,Female,0.9313610526568166
807,2005,40--64,Female,0.9112655219179018
807,2005,20--39,Male,0.9509556571804401
807,2005,20--64,Male,0.944836960143574
807,2005,40--64,Male,0.9207148949664635
807,2005,20--39,Both,0.9400304925474315
807,2005,20--64,Both,0.9381016128109498
807,2005,40--64,Both,0.9160217666605981
807,2010,20--39,Female,0.975498835155118
807,2010,20--64,Female,0.9643424108155654
807,2010,40--64,Female,0.9264965166917294
807,2010,20--39,Male,0.9918251777692672
807,2010,20--64,Male,0.971596089898827
807,2010,40--64,Male,0.9284305042522668
807,2010,20--39,Both,0.9836889755546377
807,2010,20--64,Both,0.967971820662845
807,2010,40--64,Both,0.9274962058491615
807,2020,20--39,Female,0.9909394560310975
807,2020,20--64,Female,0.9906432156312257
807,2020,40--64,Female,0.9855563515179392
807,2020,20--39,Male,1.0019898485337584
807,2020,20--64,Male,0.9919125614128941
807,2020,40--64,Male,0.97892265415752
807,2020,20--39,Both,0.99649108882804
807,2020,20--64,Both,0.9912804104392997
807,2020,40--64,Both,0.9822749729418078
818,2005,20--39,Female,0.645773726650862
818,2005,20--64,Female,0.5351221800681233
818,2005,40--64,Female,0.4064745798631581
818,2005,20--39,Male,0.7976813479522571
818,2005,20--64,Male,0.6755071487086209
818,2005,40--64,Male,0.5931554964181505
818,2005,20--39,Both,0.7217698513695635
818,2005,20--64,Both,0.6053187041853689
818,2005,40--64,Both,0.4998146168373728
818,2010,20--39,Female,0.701058228636753
818,2010,20--64,Female,0.5804301657027446
818,2010,40--64,Female,0.4323128009871071
818,2010,20--39,Male,0.823711678848004
818,2010,20--64,Male,0.7039018547343663
818,2010,40--64,Male,0.6232622018778585
818,2010,20--39,Both,0.7624235643959156
818,2010,20--64,Both,0.6421698400803414
818,2010,40--64,Both,0.5277876570699617
818,2015,20--39,Female,0.7529876213750585
818,2015,20--64,Female,0.6896112844949658
818,2015,40--64,Female,0.5141210670236996
818,2015,20--39,Male,0.8518928517454907
818,2015,20--64,Male,0.7936063391863123
818,2015,40--64,Male,0.6963229752588903
818,2015,20--39,Both,0.8024760152755781
818,2015,20--64,Both,0.7416125436728107
818,2015,40--64,Both,0.6052257723408097
834,2010,20--39,Female,0.6448265435209567
834,2010,20--64,Female,0.6317675463985457
834,2010,40--64,Female,0.5833451932512651
834,2010,20--39,Male,0.7521843828944812
834,2010,20--64,Male,0.7580146154374289
834,2010,40--64,Male,0.778363337907558
834,2010,20--39,Both,0.6985400307928348
834,2010,20--64,Both,0.6948950934042097
834,2010,40--64,Both,0.6808594528024222
834,2015,20--39,Female,0.7330038518567391
834,2015,20--64,Female,0.7126397744708088
834,2015,40--64,Female,0.6466171320147308
834,2015,20--39,Male,0.7828563206405759
834,2015,20--64,Male,0.7859136969512482
834,2015,40--64,Male,0.7977679660147563
834,2015,20--39,Both,0.7579568667933301
834,2015,20--64,Both,0.7492799367921584
834,2015,40--64,Both,0.7222034650702678
834,2020,20--39,Female,0.7391200615427468
834,2020,20--64,Female,0.7188019547133715
834,2020,40--64,Female,0.6592860513066164
834,2020,20--39,Male,0.7887675295613246
834,2020,20--64,Male,0.7745467314506342
834,2020,40--64,Male,0.7350405273298859
834,2020,20--39,Both,0.7639706919043563
834,2020,20--64,Both,0.7466772237304844
834,2020,40--64,Both,0.6971806452403281
854,2010,20--39,Female,0.15833888778305003
854,2010,20--64,Female,0.1420894023927422
854,2010,40--64,Female,0.07723635143098993
854,2010,20--39,Male,0.3162647099753255
854,2010,20--64,Male,0.2630722164582733
854,2010,40--64,Male,0.16073849105143256
854,2010,20--39,Both,0.2373330946343678
854,2010,20--64,Both,0.20258348644940083
854,2010,40--64,Both,0.11898352492420071
854,2015,20--39,Female,0.17024916809465718
854,2015,20--64,Female,0.17579888890023104
854,2015,40--64,Female,0.07969416399798777
854,2015,20--39,Male,0.3422740318522196
854,2015,20--64,Male,0.32369152842513055
854,2015,40--64,Male,0.2310570989358606
854,2015,20--39,Both,0.2562956346259326
854,2015,20--64,Both,0.24974848643560263
854,2015,40--64,Both,0.1553664303486509
854,2020,20--39,Female,0.2680054303301789
854,2020,20--64,Female,0.26539074785129274
854,2020,40--64,Female,0.11397901984665507
854,2020,20--39,Male,0.3610052736066958
854,2020,20--64,Male,0.3566500396523498
854,2020,40--64,Male,0.1894888534928675
854,2020,20--39,Both,0.3145281060168872
854,2020,20--64,Both,0.31102281195093895
854,2020,40--64,Both,0.1517319781046064
858,2010,20--39,Female,0.9851795405172338
858,2010,20--64,Female,0.9737901993549674
858,2010,40--64,Female,0.9434287692046032
858,2010,20--39,Male,0.9839344809577169
858,2010,20--64,Male,0.9592153755915788
858,2010,40--64,Male,0.9178194424151467
858,2010,20--39,Both,0.9845811732430478
858,2010,20--64,Both,0.9665049632271749
858,2010,40--64,Both,0.9306595900020005
860,2005,20--39,Female,1.0143999498293563
860,2005,20--64,Female,1.013706142915917
860,2005,40--64,Female,1.01669240323377
860,2020,20--39,Female,1.0138994532082828
860,2020,20--64,Female,1.0131629654533811
860,2020,40--64,Female,1.0159385208672393
860,2020,20--39,Male,1.012482649237217
860,2020,20--64,Male,0.9751603898035246
860,2020,40--64,Male,0.9871860520980489
860,2020,20--39,Both,1.0132158946316434
860,2020,20--64,Both,0.9941635036251613
860,2020,40--64,Both,1.0016005912579224
882,2020,20--39,Female,1.0008074662510247
882,2020,20--64,Female,0.9961867241071968
882,2020,40--64,Female,0.9837391739141502
882,2020,20--39,Male,0.9807208047123082
882,2020,20--64,Male,0.9754697326893229
882,2020,40--64,Male,0.9732216532202944
882,2020,20--39,Both,0.9907854183659756
882,2020,20--64,Both,0.9858303428952665
882,2020,40--64,Both,0.9785161278358879
887,2005,20--39,Female,0.29742314144002724
887,2005,20--64,Female,0.264475313220593
887,2005,40--64,Female,0.12570682712647566
887,2005,20--39,Male,0.5942306937203004
887,2005,20--64,Male,0.48005242847431495
887,2005,40--64,Male,0.1807770257322721
887,2005,20--39,Both,0.445885731194331
887,2005,20--64,Both,0.37226866944945336
887,2005,40--64,Both,0.1532420077254388
887,2020,20--39,Female,0.4824508107673671
887,2020,20--64,Female,0.4738553896522966
887,2020,40--64,Female,0.24600906774807219
887,2020,20--39,Male,0.8568468750188524
887,2020,20--64,Male,0.7892786291141202
887,2020,40--64,Male,0.4468287019940835
887,2020,20--39,Both,0.6697256855925022
887,2020,20--64,Both,0.6315742495490912
887,2020,40--64,Both,0.3464116508389108
894,2005,20--39,Female,0.5196782362265521
894,2005,20--64,Female,0.5234176871597266
894,2005,40--64,Female,0.5286851633596017
894,2005,20--39,Male,0.705554946656065
894,2005,20--64,Male,0.726010555766712
894,2005,40--64,Male,0.7722276733621344
894,2005,20--39,Both,0.6126616740672668
894,2005,20--64,Both,0.6247193240454483
894,2005,40--64,Both,0.6504558120569572
894,2015,20--39,Female,0.5732783598954851
894,2015,20--64,Female,0.5615480539054557
894,2015,40--64,Female,0.5102343209460191
894,2015,20--39,Male,0.7529165805546472
894,2015,20--64,Male,0.7476363888045477
894,2015,40--64,Male,0.7350146755964538
894,2015,20--39,Both,0.6631427977005282
894,2015,20--64,Both,0.6545972037401004
894,2015,40--64,Both,0.6226247285552128
894,2020,20--39,Female,0.494965934133957
894,2020,20--64,Female,0.48438019215488376
894,2020,40--64,Female,0.4443977628788761
894,2020,20--39,Male,0.6780376020653226
894,2020,20--64,Male,0.6672721079627156
894,2020,40--64,Male,0.642380613631557
894,2020,20--39,Both,0.5865457529421862
894,2020,20--64,Both,0.5758308766264475
894,2020,40--64,Both,0.5433892135170816
NA,2015,20--39,Female,0.9298860647279122
NA,2015,20--64,Female,0.9272954478653443
NA,2015,40--64,Female,0.8736594002571448
NA,2015,20--39,Male,0.9705922740733717
NA,2015,20--64,Male,0.9790128497589943
NA,2015,40--64,Male,0.9844348864333905
NA,2020,20--39,Female,0.9202337164508709
NA,2020,20--64,Female,0.9073405846742318
NA,2020,40--64,Female,0.828959073065195
NA,2020,20--39,Male,0.9647272422410601
NA,2020,20--64,Male,0.9614162152570719
NA,2020,40--64,Male,0.9418720300685238
